name,compiled,tested,tests,suites,failures,runs,mvn_time_avg,mvn_time_sd,xml_time_avg,xml_time_sd,perc_failures,timecost_group,below_threshold
3breadt_dd-plist,FAILURE,FAILURE,71,6,0,3,6.37766666666667,0.131948222168142,0.261333333333333,0.0202566861389847,0.00,short,T
4pr0n_ripme,SUCCESS,FAILURE,54,9,21,3,296.666666666667,17.5594229214212,295.691,17.4627854593704,38.89,medium,F
4thline_cling,FAILURE,FAILURE,340,1,0,3,87.6666666666667,9.81495457622364,55.3486666666667,0.673587658240065,0.00,short,T
794147572_cloud,FAILURE,FAILURE,4,2,4,3,21.782,2.87171534104619,13.5236666666667,0.155519559327222,100.00,short,F
abel533_guns,SUCCESS,FAILURE,11,5,11,3,1216.66666666667,0.577350269189626,1203.98166666667,0.052367292591223,100.00,long,F
abel533_MyBatis-Spring-Boot,SUCCESS,FAILURE,4,2,4,3,6.47933333333333,0.0521759842584049,4.25933333333333,0.0849490043104294,100.00,short,F
absolutegalaber_jwt-oauth2-example,SUCCESS,SUCCESS,3,2,0,3,13.1083333333333,0.0995205171476384,0.372333333333333,0.0207926268983343,0.00,short,T
abstractj_kalium,SUCCESS,FAILURE,109,16,79,3,1.35366666666667,0.0725695069111905,0.247666666666667,0.0540030863315546,72.48,short,F
ActiveJpa_activejpa,SUCCESS,SUCCESS,13,2,0,3,41.096,2.11680136054378,7.91166666666667,0.150440464414776,0.00,short,T
AdamBien_afterburner.fx,SUCCESS,FAILURE,46,8,1,3,3.298,0.256275242659138,1.05066666666667,0.314884634959112,2.17,short,T
adamheinrich_native-utils,SUCCESS,SUCCESS,4,1,0,3,1.09133333333333,0.0505997364947025,0.0513333333333333,0.00115470053837925,0.00,short,T
adyliu_zkclient,SUCCESS,SUCCESS,19,2,0,3,11.739,0.302793659114586,7.23766666666667,0.30700217154498,0.00,short,T
aerogear_aerogear-otp-java,SUCCESS,SUCCESS,21,4,0,3,4.62066666666667,0.821389270281353,0.437,0.00200000000000006,0.00,short,T
aggregateknowledge_java-hll,SUCCESS,FAILURE,35,1,0,3,14.532,0.883845574747083,10.512,0.177459854615066,0.00,short,T
aharin_inproctester,FAILURE,FAILURE,12,5,0,3,18.14,3.68682234451295,2.51633333333333,0.0219393102292053,0.00,short,T
alibaba_asyncload,SUCCESS,FAILURE,59,19,5,3,47.2726666666667,0.564142121573399,45.8846666666667,0.00907377172588321,8.47,short,T
alibaba_tac,SUCCESS,?,29,11,28,3,0,0,0.022,0.002,96.55,short,F
alibaba_TProfiler,SUCCESS,SUCCESS,3,2,0,3,2.75566666666667,0.041956326499508,0.0366666666666667,0.000577350269189626,0.00,short,T
alibaba_velocity-spring-boot-project,FAILURE,FAILURE,12,9,0,3,6.576,0.0377226722277202,3.76133333333333,0.0266520793435204,0.00,short,T
allbegray_slack-api,SUCCESS,FAILURE,23,10,6,3,4.54833333333333,0.451043604691757,3.16,0.439331310061097,26.09,short,F
Anchormen_sql4es,SUCCESS,FAILURE,14,14,14,3,2.613,0.0566656862660288,0.914,0.0582837884835912,100.00,short,F
andresoviedo_google-drive-ftp-adapter,SUCCESS,SUCCESS,2,1,0,3,3.356,0.0565597029695172,0.0493333333333333,0.0023094010767585,0.00,short,T
andrew-hoffman_halfnes,SUCCESS,SUCCESS,2,1,0,3,10.2606666666667,0.597941747441449,1.72866666666667,0.431103622500824,0.00,short,T
andygibson_datafactory,SUCCESS,SUCCESS,23,1,0,3,6.37133333333333,0.321310338043041,5.347,0.341896183073166,0.00,short,T
angelozerr_angularjs-eclipse,SUCCESS,SUCCESS,5,1,0,3,75.3333333333333,6.65832811847939,0.00266666666666667,0.000577350269189626,0.00,short,T
angelozerr_tern.java,SUCCESS,SUCCESS,95,28,0,3,102.666666666667,0.577350269189626,19.5156666666667,0.41944526857903,0.00,short,T
angusws_tcx2nikeplus,SUCCESS,FAILURE,19,8,16,3,5.59666666666667,0.194242974990946,4.20866666666667,0.195433705724814,84.21,short,F
antlr_antlr3,SUCCESS,FAILURE,984,37,336,3,66.6666666666667,0.577350269189626,62.9713333333333,0.231968388650967,34.15,medium,F
apssouza22_java-microservice,SUCCESS,SUCCESS,10,3,0,3,8.72433333333333,0.171342736447547,0.383666666666667,0.0151437555888007,0.00,short,T
ArcBees_GWTP,SUCCESS,FAILURE,191,41,4,3,24.5923333333333,8.14728889467738,1.81533333333333,0.0172433562085034,2.09,short,T
Aresyi_HowTomcatWorks,FAILURE,FAILURE,3,3,0,3,3.44266666666667,1.60872444294644,0.0323333333333333,0.000577350269189626,0.00,short,T
arocketman_Spring-oauth2-jpa-example,SUCCESS,SUCCESS,1,1,0,3,10.1356666666667,0.0695293702929446,7.13833333333333,0.105836351662996,0.00,short,T
ATLauncher_ATLauncher,SUCCESS,SUCCESS,1,1,0,3,4.05866666666667,0.1098286544274,0.037,0.00435889894354067,0.00,short,T
AxonFramework_AxonBank,SUCCESS,SUCCESS,14,3,0,3,4.023,0.855942170943809,0.664333333333333,0.0151437555888007,0.00,short,T
baidu_uid-generator,SUCCESS,FAILURE,4,2,4,3,2.71866666666667,0.103732026555608,1.366,0.0370405183549043,100.00,short,F
basho_riak-java-client,SUCCESS,SUCCESS,367,59,0,3,59.0506666666667,0.464948742694649,46.6013333333333,0.61807146296632,0.00,short,T
bazaarvoice_jolt,SUCCESS,SUCCESS,19,3,0,3,39.647,0.157848028179005,1.104,0.0137477270848675,0.00,short,T
benas_jql,SUCCESS,SUCCESS,1,1,0,3,11.7176666666667,0.0528141395209027,0.691666666666667,0.0398036849215413,0.00,short,T
benas_unix-stream,SUCCESS,SUCCESS,117,33,0,3,3.71866666666667,0.0682959247198055,0.975,0.0242487113059642,0.00,short,T
bennidi_mbassador,SUCCESS,FAILURE,86,16,0,3,71.3333333333333,1.52752523165195,66.7716666666667,1.52449477970026,0.00,medium,T
bfwg_springboot-jwt-starter,SUCCESS,SUCCESS,21,4,0,3,9.98766666666667,0.228460791676238,0.797666666666667,0.0393234450847498,0.00,short,T
biezhi_30-seconds-of-java8,SUCCESS,FAILURE,86,1,1,3,1.61633333333333,0.0626604606856136,0.275,0.00435889894354068,1.16,short,T
biezhi_java-library-examples,SUCCESS,SUCCESS,6,1,0,3,11.8683333333333,0.119692661986161,0.54,0.00346410161513776,0.00,short,T
biezhi_oh-my-email,SUCCESS,FAILURE,6,1,6,3,18.0626666666667,0.270867741404055,16.989,0.2397144134173,100.00,short,F
bijukunjummen_spring-cloud-ping-pong-sample,SUCCESS,SUCCESS,1,1,0,3,9.34833333333333,0.135647828339909,0.0306666666666667,0.000577350269189626,0.00,short,T
bitletorg_bitlet,SUCCESS,SUCCESS,4,2,0,3,1.13366666666667,0.0378989885529064,0.08,0.00556776436283002,0.00,short,T
blockchain_api-v1-client-java,SUCCESS,FAILURE,6,2,4,3,4.47166666666667,0.580335535128888,2.88566666666667,0.549940299790198,66.67,short,F
blockchain_thunder,SUCCESS,SUCCESS,46,16,0,3,22.6493333333333,0.360280908921543,12.454,0.390061533607199,0.00,short,T
bluejoe2008_openwebflow,SUCCESS,FAILURE,55,3,44,3,73,0,71.8623333333333,0.132824445541223,80.00,medium,F
bmwcarit_barefoot,SUCCESS,FAILURE,38,12,4,3,3.90066666666667,0.110500377073263,0.895333333333333,0.0260256283945908,10.53,short,F
bouncestorage_chaos-http-proxy,SUCCESS,SUCCESS,19,2,0,3,92.6666666666667,1.15470053837925,86.811,0.011357816691601,0.00,medium,T
boundary_fasttuple,SUCCESS,FAILURE,18,5,0,3,3.02433333333333,0.065309519469472,0.515666666666667,0.00850490054811539,0.00,short,T
branflake2267_GWT-Maps-V3-Api,SUCCESS,SUCCESS,1,1,0,3,200.666666666667,2.88675134594813,11.3036666666667,0.115474383883757,0.00,short,T
brettwooldridge_SansOrm,SUCCESS,SUCCESS,85,10,0,3,18.5846666666667,0.0662293993127921,6.07533333333333,0.0282901631902922,0.00,short,T
brettwooldridge_SparseBitSet,SUCCESS,SUCCESS,48,3,0,3,9.32166666666667,0.155030104603375,6.33333333333333,0.147327300027298,0.00,short,T
brianway_webporter,SUCCESS,SUCCESS,17,10,0,3,8.35566666666667,0.237573848167961,0.638666666666667,0.0148436293854749,0.00,short,T
brsanthu_google-analytics-java,SUCCESS,FAILURE,19,10,1,3,9.17333333333333,0.269052659034125,6.381,0.258371825089347,5.26,short,T
bz51_SpringBoot-Dubbo-Docker-Jenkins,FAILURE,FAILURE,35,9,35,3,24.392,0.452408001697583,0.104333333333333,0.00152752523165194,100.00,short,F
cagataygurturk_lambadaframework,SUCCESS,SUCCESS,97,17,0,3,9.56233333333333,0.342872182209833,2.72066666666667,0.201100306646542,0.00,short,T
callicoder_spring-boot-file-upload-download-rest-api-example,SUCCESS,SUCCESS,1,1,0,3,5.051,0.0545068802996466,2.31166666666667,0.0446131520219468,0.00,short,T
callicoder_spring-boot-mysql-rest-api-tutorial,SUCCESS,FAILURE,1,1,1,3,25.379,0.0407308237088325,23.3326666666667,0.0755005518743626,100.00,short,F
cardillo_joinery,SUCCESS,SUCCESS,232,20,0,3,33.7756666666667,1.13869852609606,4.99566666666667,0.0356978057215457,0.00,short,T
carrotsearch_smartsprites,SUCCESS,SUCCESS,145,10,0,3,2.719,0.0314324672910035,0.732666666666667,0.0232450711621482,0.00,short,T
CeON_CERMINE,SUCCESS,SUCCESS,132,46,0,3,325,2.64575131106459,306.077666666667,2.93310864669786,0.00,long,T
cescoffier_vertx-microservices-workshop,SUCCESS,SUCCESS,2,2,0,3,19.2626666666667,0.450009259164001,2.29966666666667,0.0358375966456086,0.00,short,T
chenerzhu_proxy-pool,SUCCESS,FAILURE,6,1,6,3,67.3333333333333,0.577350269189626,65.4116666666667,0.364393102752137,100.00,medium,F
chengdedeng_perseus,SUCCESS,FAILURE,13,3,3,3,3.781,0.132578278763906,2.46233333333333,0.105377100611724,23.08,short,F
childe_hangout,SUCCESS,FAILURE,7,1,1,3,3.19133333333333,0.0699237680144122,0.58,0.0219317121994613,14.29,short,F
Cloudslab_cloudsim,SUCCESS,SUCCESS,129,25,0,3,11.7496666666667,0.157722329850067,1.15133333333333,0.0993294182673659,0.00,short,T
Coding_WebIDE-Backend,FAILURE,FAILURE,120,6,1,3,14.7696666666667,0.102578425281993,8.791,0.0866948672067732,0.83,short,T
CoreMedia_jangaroo-tools,SUCCESS,SUCCESS,144,20,0,3,63.8693333333333,39.0852642479661,10.578,0.228744398838528,0.00,short,T
creactiviti_piper,SUCCESS,SUCCESS,78,15,0,3,20.8423333333333,3.70473404353583,12.466,0.593647201627365,0.00,short,T
crossoverJie_distributed-redis-tool,SUCCESS,SUCCESS,23,6,0,3,5.465,0.0828673639015988,1.30833333333333,0.0256969518296106,0.00,short,T
DataReply_kafka-connect-mongodb,SUCCESS,FAILURE,11,4,4,3,123.333333333333,2.3094010767585,122.485333333333,2.31979359714033,36.36,medium,F
deepdsl_deepdsl,SUCCESS,FAILURE,19,8,19,3,2.00033333333333,0.0326241219549787,0.065,0.001,100.00,short,F
dermotte_LIRE,SUCCESS,FAILURE,50,17,26,3,24.714,0.445680378746922,20.336,0.462377551358197,52.00,short,F
DigitalPebble_behemoth,SUCCESS,FAILURE,14,8,3,3,21.5203333333333,0.0256580071972347,6.25233333333333,0.129693227785159,21.43,short,F
dlemmermann_CalendarFX,SUCCESS,SUCCESS,261,27,0,3,43.6073333333333,0.175380538639079,3.36666666666667,0.320557847093678,0.00,short,T
dnmilne_wikipediaminer,SUCCESS,SUCCESS,5,3,0,3,5.386,0.00360555127546384,0.367666666666667,0.0151767365837763,0.00,short,T
documents4j_documents4j,SUCCESS,SUCCESS,134,29,0,3,24.8026666666667,0.205655861412539,15.1436666666667,0.209662427090152,0.00,short,T
droidefense_engine,SUCCESS,FAILURE,174,43,1,3,21.4116666666667,0.184003623152735,6.59833333333333,0.483866028290201,0.57,short,T
eBay_cors-filter,SUCCESS,SUCCESS,74,1,0,3,1.64933333333333,0.0248260615751539,0.0816666666666667,0.00152752523165195,0.00,short,T
FasterXML_jackson-module-jsonSchema,SUCCESS,SUCCESS,46,16,0,3,4.31533333333333,0.766175784877944,0.679333333333333,0.0142945210949277,0.00,short,T
FudanNLP_fnlp,SUCCESS,FAILURE,33,19,2,3,2.14466666666667,0.249744536143102,0.747,0.2815865763846,6.06,short,T
Glamdring_computoser,SUCCESS,SUCCESS,12,3,0,3,32.0623333333333,0.501500083084074,2.27233333333333,0.085541412972509,0.00,short,T
gturri_aXMLRPC,SUCCESS,FAILURE,33,4,0,3,4.91666666666667,0.120964182026472,1.622,0.026,0.00,short,T
gwt-maven-plugin_gwt-maven-plugin,SUCCESS,SUCCESS,6,3,0,3,245,0,1.36333333333333,0.0262741951985848,0.00,short,T
HaraldWalker_user-agent-utils,SUCCESS,FAILURE,259,27,0,3,4.46466666666667,0.862438596848108,0.093,0.003,0.00,short,T
HolgerHees_cloudsync,SUCCESS,SUCCESS,2,1,0,3,25.7856666666667,23.2157248935572,24.3,23.1995228183685,0.00,short,T
HPI-Information-Systems_Metanome,FAILURE,FAILURE,584,116,0,3,93.3333333333333,9.23760430703401,6.09966666666667,0.102441853425899,0.00,short,T
hrldcpr_pcollections,SUCCESS,SUCCESS,31,7,0,3,10.2443333333333,4.32443248685112,9.123,4.37247538586554,0.00,short,T
HuaweiBigData_StreamCQL,SUCCESS,FAILURE,387,112,20,3,3.21433333333333,0.040104031385053,1.33833333333333,0.0410406302745621,5.17,short,T
icnws_spring-data-jpa-demo,SUCCESS,FAILURE,1,1,1,3,4.166,0.0504777178564962,0.0143333333333333,0.0023094010767585,100.00,short,F
ihaolin_wepay,FAILURE,FAILURE,10,1,10,3,1.00866666666667,0.0505206228517953,0.056,0.00871779788708135,100.00,short,F
ikkisoft_SerialKiller,SUCCESS,SUCCESS,18,4,0,3,7.53166666666667,0.0765136153461154,4.829,0.0278747197295333,0.00,short,T
Impetus_Kundera,SUCCESS,?,921,272,392,3,0,0,178.393666666667,0.784400620431544,42.56,medium,F
in28minutes_MockitoTutorialForBeginners,SUCCESS,SUCCESS,41,17,0,3,2.345,0.0725189630372636,1.26233333333333,0.0450814078455113,0.00,short,T
j256_two-factor-auth,SUCCESS,FAILURE,6,1,0,3,3.83733333333333,0.094214294739882,0.465,0.00818535277187243,0.00,short,T
JakeWharton_byteunits,SUCCESS,SUCCESS,15,3,0,3,3.05066666666667,0.0779508392086533,0.075,0.00199999999999999,0.00,short,T
JakeWharton_DiskLruCache,SUCCESS,SUCCESS,61,2,0,3,5.837,2.07522842116236,1.47833333333333,0.161735380586108,0.00,short,T
JakeWharton_flip-tables,SUCCESS,SUCCESS,23,2,0,3,1.31966666666667,0.0158219257150744,0.104666666666667,0.00152752523165195,0.00,short,T
javaor_HelloSSM,SUCCESS,FAILURE,5,2,5,3,2.48166666666667,0.0533041586870419,1.455,0.0553443764080869,100.00,short,F
java-webbee_web-bee,SUCCESS,SUCCESS,8,6,0,3,7.995,0.119662024051075,1.999,0.0498698305591666,0.00,short,T
jawi_ols,FAILURE,FAILURE,452,46,0,3,38.8666666666667,0.620786866270005,9.10766666666667,0.0880018939190128,0.00,short,T
jbellis_jamm,SUCCESS,FAILURE,24,2,3,3,11.84,0.730008219131812,9.94766666666667,0.408186640317064,12.50,short,F
jbox2d_jbox2d,SUCCESS,SUCCESS,5,1,0,3,2.29233333333333,0.0686027210344702,0.076,0.00435889894354068,0.00,short,T
jcabi_jcabi-aspects,SUCCESS,SUCCESS,81,25,0,3,46.149,2.44570255754865,35.148,3.10423243330779,0.00,short,T
jcabi_jcabi-http,SUCCESS,FAILURE,128,26,0,3,10.578,0.389842275798815,27.069,0.540857652252419,0.00,short,T
jcaddel_maven-s3-wagon,SUCCESS,SUCCESS,5,3,0,3,2.499,0.0289309522829788,0.0843333333333333,0.00208166599946613,0.00,short,T
jclagache_spring-data-mybatis,SUCCESS,SUCCESS,7,2,0,3,17.0953333333333,0.191510661147972,15.4436666666667,0.151011037124222,0.00,short,T
j-easy_easy-flows,SUCCESS,SUCCESS,10,6,0,3,2.56566666666667,0.0582265689641193,0.578666666666667,0.0341223289552945,0.00,short,T
je-ge_spring-boot,SUCCESS,?,18,7,2,3,0,0,8.73133333333333,2.03687857599154,11.11,short,F
jenkinsci_scm-sync-configuration-plugin,SUCCESS,SUCCESS,63,11,0,3,96.3333333333333,0.577350269189626,110.507666666667,0.299506816839503,0.00,medium,T
jeremyh_jBCrypt,SUCCESS,SUCCESS,6,1,0,3,18.0886666666667,0.534548719326249,17.1106666666667,0.479358251554444,0.00,short,T
jetty-project_embedded-jetty-jsp,SUCCESS,SUCCESS,1,1,0,3,2.893,0.029444863728671,1.26866666666667,0.0600777274314978,0.00,short,T
jfaster_mango,SUCCESS,SUCCESS,382,146,0,3,17.9426666666667,0.0333066559914584,12.2853333333333,0.0326241219549813,0.00,short,T
jirutka_rsql-parser,SUCCESS,SUCCESS,129,9,0,3,5.694,1.05343295942362,0.672,0.0225166604983954,0.00,short,T
jirutka_validator-collection,SUCCESS,SUCCESS,16,3,0,3,9.051,0.836930702029744,0.565333333333333,0.0159478316185409,0.00,short,T
jkrasnay_sqlbuilder,SUCCESS,SUCCESS,26,14,0,3,1.516,0.071923570545406,0.270666666666667,0.00838649708360606,0.00,short,T
jmacglashan_burlap,SUCCESS,SUCCESS,20,5,0,3,34.8256666666667,0.471671849205922,10.2513333333333,0.258082028303664,0.00,short,T
johncarl81_transfuse,FAILURE,FAILURE,86,29,0,3,33.947,5.47545075770023,7.16466666666667,4.94962395878044,0.00,short,T
jopt-simple_jopt-simple,SUCCESS,SUCCESS,838,128,0,3,4.78466666666667,0.0365558932777377,0.576333333333334,0.00493288286231625,0.00,short,T
jorabin_KeePassJava2,SUCCESS,?,34,13,0,3,0,0,4459.28933333333,226.575346810577,0.00,long,T
kohsuke_file-leak-detector,SUCCESS,SUCCESS,17,5,0,3,3.98233333333333,0.0860484359726157,1.293,0.0153948043183407,0.00,short,T
ksprojects_zkcopy,SUCCESS,FAILURE,7,2,0,3,24.9233333333333,0.0681933525597123,0.863333333333333,0.0196553639837408,0.00,short,T
la-team_light-admin,FAILURE,FAILURE,43,14,0,3,10.261,0.307442677583968,0.21,0.003,0.00,short,T
LearningByExample_reactive-ms-example,SUCCESS,SUCCESS,49,9,0,3,12.352,0.136700402340301,7.81133333333333,0.11662904155198,0.00,short,T
LibrePlan_libreplan,FAILURE,FAILURE,153,8,0,3,46.9323333333333,1.44560725417844,0.809666666666667,0.065615038926555,0.00,short,T
LiuJishuai_ssm,SUCCESS,FAILURE,18,5,5,3,4.64633333333333,0.34915660287804,2.51866666666667,0.281365124586067,27.78,short,F
Lovelcp_spring-boot-mybatis-with-redis,SUCCESS,SUCCESS,1,1,0,3,6.47133333333333,0.056862407030773,0.448333333333333,0.00550757054728611,0.00,short,T
Lovnx_micro-service,FAILURE,FAILURE,1,1,0,3,6.51233333333333,0.0975721954930469,0.000333333333333333,0.000577350269189626,0.00,short,T
mbosecke_template-benchmark,SUCCESS,SUCCESS,8,1,0,3,5.635,0.065962110336162,1.16033333333333,0.0587735768295017,0.00,short,T
medallia_Word2VecJava,SUCCESS,SUCCESS,12,2,0,3,13.2663333333333,0.216301487126957,12.0306666666667,0.181387246887241,0.00,short,T
merapar_graphql-spring-boot-starter,SUCCESS,SUCCESS,37,10,0,3,15.0733333333333,0.167249314896455,1.605,0.0544426303552646,0.00,short,T
mesos_storm,SUCCESS,SUCCESS,37,8,0,3,18.2476666666667,0.212549602054046,9.82666666666667,0.0225462487641136,0.00,short,T
michaellavelle_spring-data-dynamodb,SUCCESS,FAILURE,148,8,0,3,2.86733333333333,0.0426184623529912,0.695666666666667,0.0221434715736565,0.00,short,T
MichaelTamm_junit-toolbox,SUCCESS,SUCCESS,42,9,0,3,11.75,0.0723809367167905,10.2273333333333,0.0441059330853949,0.00,short,T
mikaelhg_urlbuilder,FAILURE,FAILURE,69,1,0,3,3.52333333333333,0.018147543451755,0.694,0.0190787840283389,0.00,short,T
mikiobraun_jblas,SUCCESS,SUCCESS,121,14,0,3,5.40633333333333,0.225293882148036,0.151,0.000999999999999987,0.00,short,T
mohamicorp_stash-jenkins-postreceive-webhook,SUCCESS,SUCCESS,70,14,0,3,13.348,6.84428571875839,1.91833333333333,0.0156950098226582,0.00,short,T
mongobee_mongobee,SUCCESS,SUCCESS,41,7,0,3,2.23166666666667,0.0525388744962559,1.07766666666667,0.0398036849215412,0.00,short,T
monkeyk_oauth2-shiro,SUCCESS,FAILURE,7,1,0,3,13.443,0.527670351640113,0.926333333333333,0.100271298651874,0.00,short,T
mploed_ddd-with-spring,FAILURE,FAILURE,2,1,0,3,7.09133333333333,5.76749688628727,0.0483333333333333,0.00152752523165195,0.00,short,T
mraible_jhipster4-demo,SUCCESS,SUCCESS,162,19,0,3,41.8396666666667,0.224145785892428,17.1566666666667,0.194823852064714,0.00,short,T
mrwilson_byte-monkey,SUCCESS,SUCCESS,13,13,0,3,13.369,0.256513157557268,5.16333333333333,0.0416813307529086,0.00,short,T
mslosarz_nextrtc-signaling-server,SUCCESS,SUCCESS,79,21,0,3,11.7006666666667,0.0228546129552294,6.05633333333333,0.0491358660586475,0.00,short,T
mttkay_signpost,SUCCESS,SUCCESS,76,13,0,3,3.25733333333333,0.0385529938310027,1.45666666666667,0.0311822599138249,0.00,short,T
mwanji_toml4j,SUCCESS,FAILURE,385,25,0,3,4.50866666666667,0.0941134067672258,0.529333333333333,0.00808290376865477,0.00,short,T
my2iu_Jinq,SUCCESS,SUCCESS,430,15,0,3,44.0553333333333,0.361572030629214,22.8696666666667,0.378518603681953,0.00,short,T
myabc_markdownj,SUCCESS,SUCCESS,85,10,0,3,1.81866666666667,0.0633587668230162,0.319666666666667,0.0135769412362775,0.00,short,T
NationalSecurityAgency_lemongrenade,SUCCESS,FAILURE,69,16,64,3,152,0,151.013,0.0052915026221437,92.75,medium,F
nativelibs4java_BridJ,SUCCESS,FAILURE,456,45,1,3,48.937,0.318421104828184,22.2056666666667,0.351234015057387,0.22,short,T
nativelibs4java_JNAerator,SUCCESS,SUCCESS,330,17,0,3,63,1,30.0723333333333,0.35420944839647,0.00,short,T
ncjones_editorconfig-eclipse,SUCCESS,SUCCESS,58,6,0,3,18.058,0.270090725497934,0.102333333333333,0.0087368949480541,0.00,short,T
neo4j-contrib_neo4j-elasticsearch,SUCCESS,FAILURE,22,4,12,3,3.995,0.113617780298684,2.58333333333333,0.10288990880224,54.55,short,F
neo4j-examples_movies-java-spring-data-neo4j,SUCCESS,SUCCESS,3,1,0,3,13.53,0.229775977856694,10.0196666666667,0.26422023641904,0.00,short,T
neoremind_fluent-validator,SUCCESS,SUCCESS,96,16,0,3,7.56433333333333,0.0502128801537346,1.08866666666667,0.00750555349946508,0.00,short,T
Netflix_curator,SUCCESS,SUCCESS,44,8,0,3,72,1,64.6096666666667,0.513117270546738,0.00,medium,T
neuland_jade4j,SUCCESS,FAILURE,419,30,8,3,3.46333333333333,0.0483976583455576,1.35666666666667,0.0266895734947815,1.91,short,T
nikfoundas_etcd-viewer,SUCCESS,SUCCESS,19,4,0,3,16.0773333333333,0.158531805431382,12.872,0.0990807751281736,0.00,short,T
Nilhcem_FakeSMTP,SUCCESS,FAILURE,16,5,1,3,2.423,0.0602245796996543,0.305,0.0157162336455017,6.25,short,T
NoCheatPlus_NoCheatPlus,SUCCESS,FAILURE,85,30,1,3,5.39133333333333,0.13333166665625,2.424,0.0867467578644877,1.18,short,T
nodebox_nodebox,SUCCESS,FAILURE,304,41,0,3,28.6043333333333,0.466176289973368,4.34433333333333,0.0860019379626605,0.00,short,T
notnoop_java-apns,SUCCESS,SUCCESS,111,19,0,3,80,0,72.968,0.0701925922017363,0.00,medium,T
ObjectLayout_ObjectLayout,SUCCESS,SUCCESS,107,13,0,3,5.138,0.0736274405368,2.72866666666667,0.0151437555888012,0.00,short,T
ocpsoft_rewrite,SUCCESS,FAILURE,249,52,27,3,15.73,0.0954515583948214,4.36966666666667,0.0722311105641701,10.84,short,F
octo-technology_sonar-objective-c,SUCCESS,SUCCESS,31,10,0,3,5.51066666666667,0.692175074192457,0.389333333333333,0.0155670592384475,0.00,short,T
odrotbohm_spring-restbucks,SUCCESS,SUCCESS,32,13,0,3,23.0423333333333,0.147615491508626,20.0246666666667,0.141655685848939,0.00,short,T
ogrodnek_csv-serde,SUCCESS,SUCCESS,3,1,0,3,2.68633333333333,0.0784941611416627,0.166333333333333,0.00503322295684717,0.00,short,T
oldmanpushcart_greys-anatomy,SUCCESS,SUCCESS,1,1,0,3,2.83366666666667,0.103466580755978,0.0153333333333333,0.00115470053837925,0.00,short,T
OneBusAway_onebusaway-application-modules,FAILURE,FAILURE,106,34,0,3,83.232,45.6985002926792,34.2086666666667,0.13419885742186,0.00,short,T
opencollab_jlatexmath,SUCCESS,FAILURE,9,2,1,3,4.051,0.0681982404465099,1.44,0.012124355652982,11.11,short,F
opencredo_test-automation-quickstart,FAILURE,FAILURE,8,8,8,3,27.067,9.12189327935818,6.42066666666667,0.0475008771848823,100.00,short,F
OpenHFT_Java-Lang,SUCCESS,SUCCESS,605,44,0,3,48.9573333333333,0.909808954304876,30.0413333333333,0.877830469585858,0.00,short,T
OpenSmpp_opensmpp,SUCCESS,SUCCESS,151,10,0,3,51.4203333333333,1.74564381628479,31.1716666666667,1.39604238235569,0.00,short,T
optimaize_language-detector,SUCCESS,FAILURE,20,1,0,3,9.01333333333333,0.22000303028216,2.047,0.0710844568101917,0.00,short,T
os72_protobuf-dynamic,SUCCESS,SUCCESS,7,1,0,3,4.41933333333333,0.111266946274863,0.197333333333333,0.007371114795832,0.00,short,T
oskopek_javaanpr,SUCCESS,SUCCESS,44,9,0,3,4.95866666666667,0.022810816147901,1.163,0.0292061637330204,0.00,short,T
oxo42_stateless4j,SUCCESS,SUCCESS,85,14,0,3,2.27733333333333,0.0518587826055851,0.037,0.00264575131106459,0.00,short,T
ozlerhakan_mongolastic,SUCCESS,FAILURE,5,2,2,3,14.4113333333333,0.0739278927965167,12.567,0.0535630469633689,40.00,short,F
paukiatwee_budgetapp,SUCCESS,SUCCESS,6,1,0,3,17.7286666666667,0.127052482594135,0.131666666666667,0.0086216781042517,0.00,short,T
paulc4_microservices-demo,SUCCESS,SUCCESS,12,2,0,3,10.156,0.0467760622541062,7.26033333333333,0.0270985854489366,0.00,short,T
pavelfatin_typometer,SUCCESS,SUCCESS,89,4,0,3,3.72533333333333,0.255406212401604,1.77733333333333,0.256078763924956,0.00,short,T
PeteGoo_tcSlackBuildNotifier,SUCCESS,SUCCESS,84,14,0,3,7.77933333333333,0.144417219656568,1.85466666666667,0.031005375877956,0.00,short,T
pircbotx_pircbotx,SUCCESS,SUCCESS,770,1,0,3,13.5606666666667,1.02150934079593,5.18533333333333,0.0773972437063064,0.00,short,T
ppdai-incubator_raptor,FAILURE,FAILURE,33,14,14,3,13.8916666666667,2.63446718205662,4.611,0.0612862137841775,42.42,short,F
Progether_JAdventure,SUCCESS,SUCCESS,72,15,0,3,6.14366666666667,0.483430794771427,0.411,0.00721110255092799,0.00,short,T
psidnell_ofexport2,SUCCESS,FAILURE,125,15,1,3,4.93733333333333,0.0962410168968163,2.97733333333333,0.0432473505932251,0.80,short,T
pulse00_Symfony-2-Eclipse-Plugin,SUCCESS,SUCCESS,16,1,0,3,102.333333333333,8.50490054811538,4.75633333333333,0.0356417358350196,0.00,short,T
pulse00_Twig-Eclipse-Plugin,FAILURE,FAILURE,51,4,0,3,50.4143333333333,0.200215716998775,0.288333333333333,0.0465008960487143,0.00,short,T
q7322068_rest-base,SUCCESS,FAILURE,8,4,8,3,17.3476666666667,0.22469831626724,0.081,0.0062449979983984,100.00,short,F
radsz_jacop,SUCCESS,SUCCESS,212,3,0,3,273.666666666667,4.04145188432738,253.276,3.96219118670463,0.00,medium,T
RaiMan_SikuliX2,SUCCESS,SUCCESS,4,4,0,3,3.20066666666667,0.874533208822474,0.00433333333333333,0.000577350269189626,0.00,short,T
raphaeljolivet_java2typescript,SUCCESS,SUCCESS,21,9,0,3,3.891,0.0331813200460743,0.756333333333333,0.0195021366350801,0.00,short,T
rcongiu_Hive-JSON-Serde,SUCCESS,SUCCESS,42,10,0,3,4.192,0.111772089539384,0.319,0.0081853527718724,0.00,short,T
resthub_resthub-spring-stack,SUCCESS,SUCCESS,24,1,0,3,25.744,0.171484693194466,0.251,0.005,0.00,short,T
RichardWarburton_java-8-lambdas-exercises,SUCCESS,FAILURE,158,56,29,3,19.5216666666667,0.401145027805822,17.3983333333333,0.0196299091524467,18.35,short,F
RNCryptor_JNCryptor,SUCCESS,SUCCESS,69,9,0,3,5.94933333333333,0.0426184623529912,3.34433333333333,0.064049460054971,0.00,short,T
rubenlagus_TelegramApi,SUCCESS,FAILURE,4,1,0,3,15.0803333333333,0.0488501108835323,0.234666666666667,0.00680685928555404,0.00,short,T
saturnism_istio-by-example-java,FAILURE,FAILURE,2,2,0,3,18.4513333333333,1.462905442376,7.63433333333333,0.143949065065854,0.00,short,T
Sayi_swagger-dubbo,SUCCESS,SUCCESS,6,4,0,3,4.00333333333333,0.0524817428572388,0.384666666666667,0.00404145188432738,0.00,short,T
scireum_parsii,SUCCESS,FAILURE,19,1,0,3,9.03066666666667,0.303165521346562,0.088,0.00264575131106459,0.00,short,T
sdaschner_scalable-coffee-shop,SUCCESS,SUCCESS,126,6,0,3,3.17366666666667,0.0752351868033391,1.27366666666667,0.0342685472895093,0.00,short,T
searls_jasmine-maven-plugin,SUCCESS,SUCCESS,78,25,0,3,24.2966666666667,0.060665750908839,9.67266666666667,0.0632165590121238,0.00,short,T
SeldonIO_seldon-server,FAILURE,FAILURE,41,12,22,3,72,6.92820323027551,22.953,0.0207846096908263,53.66,short,F
Simmetrics_simmetrics,SUCCESS,FAILURE,1537,64,13,3,5.76866666666667,0.0965004317779635,1.785,0.0390384425918864,0.85,short,T
SimpleAmazonGlacierUploader_SAGU,SUCCESS,FAILURE,43,1,5,3,2.34366666666667,0.0393107279674816,1.07466666666667,0.0277548794508882,11.63,short,F
sirensolutions_siren-join,SUCCESS,SUCCESS,55,16,0,3,28.3216666666667,0.683942492709244,21.4783333333333,0.793395445747789,0.00,short,T
SkyScraperTwc_SecKillDesign,SUCCESS,FAILURE,6,1,6,3,7.34366666666667,0.219030439284893,0.0173333333333333,0.000577350269189624,100.00,short,F
skyscreamer_JSONassert,SUCCESS,SUCCESS,148,10,0,3,1.331,0.0103923048454133,0.141666666666667,0.00577350269189625,0.00,short,T
spotify_completable-futures,SUCCESS,SUCCESS,93,3,0,3,4.13233333333333,0.0785132685177056,0.399666666666667,0.0126622799421484,0.00,short,T
Stratio_cassandra-lucene-index,SUCCESS,SUCCESS,1343,75,0,3,36.011,0.416798512473354,7.04133333333333,0.111168040971016,0.00,short,T
StripesFramework_stripes,FAILURE,SUCCESS,1324,66,0,3,29.6153333333333,0.163417665303764,6.536,0.188215302247187,0.00,short,T
Swagger2Markup_spring-swagger2markup-demo,FAILURE,SUCCESS,2,1,0,3,40.1223333333333,9.76989295403656,0.333666666666667,0.00635085296108589,0.00,short,T
Syncleus_Ferma,SUCCESS,SUCCESS,325,30,0,3,16.0993333333333,0.221903883096564,9.23966666666667,0.18319752545636,0.00,short,T
Tanaguru_Contrast-Finder,SUCCESS,SUCCESS,26,8,0,3,4.89733333333333,0.0640806783151781,1.35633333333333,0.0158219257150745,0.00,short,T
TFdream_mango,SUCCESS,SUCCESS,21,14,0,3,4.65033333333333,0.0771513663737292,0.723666666666667,0.0051316014394469,0.00,short,T
Thomas-S-B_visualee,SUCCESS,FAILURE,120,25,0,3,2.638,0.109302333003463,0.183333333333333,0.00321455025366432,0.00,short,T
thymeleaf_thymeleafexamples-layouts,SUCCESS,SUCCESS,7,3,0,3,8.88666666666667,0.160575008433235,0.864666666666667,0.0285890421898554,0.00,short,T
TimeAndSpaceIO_SmoothieMap,SUCCESS,SUCCESS,1538,7,0,3,13.9883333333333,1.0632047466661,10.064,0.667325258026398,0.00,short,T
TogetherOS_cicada,SUCCESS,SUCCESS,11,4,0,3,9.83266666666667,0.138203955563266,0.715666666666667,0.0505799696849784,0.00,short,T
Treeptik_cloudunit,FAILURE,FAILURE,3,3,3,3,124.333333333333,4.04145188432738,120.839666666667,0.0442869431473093,100.00,medium,F
uklimaschewski_EvalEx,SUCCESS,FAILURE,122,15,0,3,3.59966666666667,0.0178978583448785,0.150666666666667,0.00472581562625261,0.00,short,T
unipop-graph_unipop,SUCCESS,SUCCESS,3246,6,0,3,1935.66666666667,2.51661147842358,1916.29033333333,2.44284472149435,0.00,long,T
usb4java_usb4java,FAILURE,FAILURE,307,23,0,3,3.827,0.0310966236109324,0.608333333333333,0.0280416357107308,0.00,short,T
USCDataScience_sparkler,SUCCESS,SUCCESS,12,5,0,3,83.6666666666667,1.52752523165195,27.8043333333333,1.84534992164991,0.00,short,T
usethesource_capsule,SUCCESS,SUCCESS,151,18,0,3,412.666666666667,7.09459888459759,410.043,7.3872048841223,0.00,long,T
vakinge_jeesuite-libs,SUCCESS,FAILURE,13,2,12,3,4.83533333333333,0.167884881193434,1.213,0.0870689382041611,92.31,short,F
vbauer_caesar,SUCCESS,SUCCESS,53,12,0,3,4.741,0.0380394532032203,1.32233333333333,0.0192180470738661,0.00,short,T
vbauer_jackdaw,SUCCESS,SUCCESS,30,13,0,3,9.58933333333333,0.0987994601874589,0.187666666666667,0.0662142985565303,0.00,short,T
vdmeer_asciitable,SUCCESS,SUCCESS,45,6,0,3,2.56666666666667,0.0549029446690551,0.320666666666667,0.0246644143115812,0.00,short,T
vitalidze_traccar-web,SUCCESS,SUCCESS,69,15,0,3,9.58066666666667,0.115314063900867,4.91066666666667,0.0446579593503036,0.00,short,T
vito16_shop,SUCCESS,FAILURE,9,6,7,3,6.49733333333333,0.0391066916695002,0.027,0.00754983443527075,77.78,short,F
vkostyukov_la4j,SUCCESS,FAILURE,835,20,0,3,12.928,0.0611473629848415,8.45733333333333,0.0718215380880496,0.00,short,T
voodoodyne_subethasmtp,SUCCESS,FAILURE,63,20,10,3,3.822,0.0181934053986603,2.49533333333333,0.00981495457622384,15.87,short,F
warmuuh_libsass-maven-plugin,SUCCESS,SUCCESS,12,2,0,3,4.74266666666667,0.0610027321792502,0.373333333333333,0.0115902257671425,0.00,short,T
watchdog-framework_watchdog-framework,SUCCESS,FAILURE,8,5,6,3,13.61,0.040853396431631,0.0456666666666667,0.00115470053837925,75.00,short,F
wendykierp_JTransforms,SUCCESS,FAILURE,665028,26,0,3,76.6666666666667,0.577350269189626,4627.01466666667,23.5080798308431,0.00,long,T
wenweihu86_raft-java,SUCCESS,SUCCESS,3,3,0,3,4.116,0.0730000000000003,0.384666666666667,0.0273007936392577,0.00,short,T
wg_scrypt,SUCCESS,FAILURE,22,6,0,3,41.093,0.531722672076339,26.018,0.441405709070464,0.00,short,T
wihoho_FaceRecognition,SUCCESS,SUCCESS,3,3,0,3,12.9396666666667,0.213500195159942,9.35366666666667,0.139029972787646,0.00,short,T
winterbe_github-matrix,SUCCESS,FAILURE,2,2,2,3,4.033,0.258918906223551,2.58,0.250593295999714,100.00,short,F
wosyingjun_beauty_ssm,SUCCESS,FAILURE,9,3,9,3,2.47966666666667,0.0171561456432772,1.25733333333333,0.0138684293751432,100.00,short,F
wstrange_GoogleAuth,SUCCESS,SUCCESS,10,2,0,3,1.59166666666667,0.0632639971337041,0.380333333333333,0.0178978583448784,0.00,short,T
wvengen_proguard-maven-plugin,SUCCESS,SUCCESS,7,1,0,3,2.20266666666667,0.0288675134594814,0.028,0.004,0.00,short,T
wxiaoqi_ace-cache,SUCCESS,FAILURE,6,1,0,3,8.80966666666667,0.164256912589192,0.179666666666667,0.0070237691685685,0.00,short,T
wyh-spring-ecosystem-student_spring-boot-student,SUCCESS,FAILURE,111,39,38,3,490.333333333333,1.15470053837925,166.9,0.739718189583061,34.23,medium,F
xetorthio_johm,SUCCESS,FAILURE,38,7,34,3,1.04933333333333,0.0258907963055085,0.108333333333333,0.00709459888459759,89.47,short,F
xianrendzw_EasyReport,FAILURE,FAILURE,4,4,3,3,5.07466666666667,0.0773584729252934,2.47266666666667,0.0170977581376429,75.00,short,F
XiaoMi_linden,SUCCESS,SUCCESS,123,29,0,3,70.3333333333333,3.21455025366432,44.1526666666667,1.29793733798413,0.00,short,T
yahoo_egads,SUCCESS,SUCCESS,45,1,0,3,6.864,0.0433474336033863,3.61566666666667,0.0811931852641177,0.00,short,T
yegor256_xembly,SUCCESS,SUCCESS,63,18,0,3,28.738,7.12187678916169,10.5106666666667,0.433550842846988,0.00,short,T
yinwang0_pysonar2,SUCCESS,SUCCESS,1,1,0,3,3.59433333333333,0.0695725041473522,1.48333333333333,0.0782708971031592,0.00,short,T
yogh-io_bitcoin-transaction-explorer,SUCCESS,SUCCESS,11,7,0,3,5.41366666666667,0.26030815072397,0.133,0.0104403065089106,0.00,short,T
ysc_HtmlExtractor,SUCCESS,SUCCESS,3,3,1,3,16.932,0.931044574657948,10.201,0.841877069410968,33.33,short,F
yuzd_coding.net,SUCCESS,FAILURE,6,1,0,3,31.1533333333333,0.587081198245467,13.6833333333333,0.170253732215576,0.00,short,T
zbum_netty-spring-example,SUCCESS,SUCCESS,3,1,0,3,2.27066666666667,0.0351330803279948,0.303333333333333,0.0170098010962308,0.00,short,T
zccodere_study-imooc,FAILURE,?,84,41,49,3,0,0,32.3856666666667,0.445557328896448,58.33,short,F
zeromq_jzmq,FAILURE,FAILURE,40,1,33,3,3.191,0.0868849814409832,0.599333333333333,0.0217791949652262,82.50,short,F
zeroturnaround_zt-exec,SUCCESS,SUCCESS,93,20,0,3,23.0436666666667,0.537434957304913,18.012,0.592402734632447,0.00,short,T
zeroturnaround_zt-zip,SUCCESS,FAILURE,122,14,5,3,2.49733333333333,0.0427122152707318,1.47733333333333,0.0170391705588428,4.10,short,T
zhangxd1989_spring-boot-cloud,FAILURE,FAILURE,4,2,1,3,67.6666666666667,1.15470053837925,3.79333333333333,1.53850587692519,25.00,short,F
