name,compiled,tested,tests,suites,failures,runs,mvn_time_avg,mvn_time_sd,xml_time_avg,xml_time_sd,perc_failures,timecost_group
4pr0n_ripme,SUCCESS,FAILURE,54,9,13,3,136,25.5147016443461,134.985,25.533784932908,24.07,medium
4thline_cling,FAILURE,FAILURE,340,1,0,3,60.9303333333333,2.10536465566736,53.407,0.314863462472227,0.00,short
aaberg_sql2o,FAILURE,FAILURE,172,23,6,3,10.046,0.202338824747007,6.71066666666667,0.224342000823149,3.49,short
abc9070410_JComicDownloader,SUCCESS,SUCCESS,8,3,0,3,15.374,1.74002155159067,14.2276666666667,1.73950002395324,0.00,short
abel533_MyBatis-Spring-Boot,SUCCESS,FAILURE,3,1,3,3,386,0,0.052,0.00346410161513775,100.00,short
acesinc_json-data-generator,SUCCESS,SUCCESS,4,1,0,3,2.053,0.028687976575562,0.252666666666667,0.00513160143944689,0.00,short
Aconex_scrutineer,SUCCESS,SUCCESS,113,22,0,3,10.863,0.0323573793747271,3.47333333333333,0.152919368731804,0.00,short
ActiveJpa_activejpa,SUCCESS,SUCCESS,128,2,0,3,11.212,0.0595063021872472,3.07733333333333,0.0333066559914581,0.00,short
Activiti_Activiti,SUCCESS,SUCCESS,2029,375,0,3,352.666666666667,3.05505046330389,332.311,1.30685844681071,0.00,long
AdamBien_afterburner.fx,SUCCESS,FAILURE,46,8,1,3,3.35333333333333,0.0365011415346607,0.797,0.0147309198626562,2.17,short
addthis_hydra,SUCCESS,SUCCESS,551,165,0,3,93.3333333333333,0.577350269189626,78.815,0.510036273219918,0.00,medium
addthis_stream-lib,SUCCESS,SUCCESS,149,24,0,3,128.333333333333,3.21455025366432,126.455,3.17282161490369,0.00,medium
Adobe-Consulting-Services_acs-aem-commons,SUCCESS,SUCCESS,634,107,0,3,18.8433333333333,0.147805051785563,13.4366666666667,0.0988753423930028,0.00,short
AdoptOpenJDK_jitwatch,SUCCESS,SUCCESS,249,29,0,3,34.846,0.130414723095208,33.1323333333333,0.0859903095315641,0.00,short
aerogear_aerogear-unifiedpush-server,SUCCESS,SUCCESS,243,44,0,3,135.333333333333,0.577350269189626,97.009,0.415736695517728,0.00,medium
aggregateknowledge_java-hll,SUCCESS,SUCCESS,35,1,0,3,11.844,0.127106254763485,10.3853333333333,0.129307127929335,0.00,short
agoncal_agoncal-application-petstore-ee7,SUCCESS,FAILURE,28,28,19,3,3.52166666666667,0.0928026580079114,1.049,0.0202237484161565,67.86,short
agoncal_agoncal-book-javaee7,FAILURE,FAILURE,125,48,0,3,13.8073333333333,0.170986354231364,1.133,0.0245560583156171,0.00,short
alibaba_druid,SUCCESS,SUCCESS,3958,1980,0,3,72.3333333333333,0.577350269189626,42.3790000000002,0.330192368173433,0.00,short
alibaba_tamper,SUCCESS,SUCCESS,62,16,0,3,1.95833333333333,0.0225462487641144,0.662333333333333,0.0297377425729213,0.00,short
aliyun_aliyun-oss-java-sdk,SUCCESS,FAILURE,94,62,40,3,11.383,0.0978621479429096,10.1586666666667,0.0481802172404122,42.55,short
allegro_grunt-maven-plugin,SUCCESS,SUCCESS,9,1,0,3,3.481,0.0575586657246325,0.149666666666667,0.00152752523165195,0.00,short
AmadeusITGroup_sonar-stash,SUCCESS,FAILURE,185,22,15,3,40.7303333333333,0.145001149420731,38.4996666666667,0.148581066537207,8.11,short
amaembo_huntbugs,SUCCESS,SUCCESS,15,11,0,3,14.7826666666667,0.286098467897564,9.20466666666667,0.198860084816772,0.00,short
amplab_succinct,SUCCESS,SUCCESS,203,55,0,3,96,1,43.8316666666667,0.649600133415418,0.00,short
amzn_ion-java,SUCCESS,FAILURE,1887,106,1455,3,5.80133333333333,0.0454899256246187,0.685333333333334,0.0404639757479828,77.11,short
amznlabs_ion-java,SUCCESS,FAILURE,1869,105,1422,3,5.83566666666667,0.127142964151908,0.701333333333334,0.0117189305541646,76.08,short
andrewgaul_modernizer-maven-plugin,SUCCESS,SUCCESS,24,1,0,3,4.00166666666667,0.0497426711519732,0.208,0.0165227116418583,0.00,short
andrewgaul_s3proxy,SUCCESS,SUCCESS,182,4,0,3,56.0046666666667,0.201755627761243,59.7256666666667,0.355997659168336,0.00,short
andsel_moquette,SUCCESS,FAILURE,163,26,1,3,208.333333333333,0.577350269189626,202.123666666667,0.377007073319995,0.61,medium
angusws_tcx2nikeplus,SUCCESS,FAILURE,19,8,12,3,7.84666666666667,1.30789920610624,6.47466666666667,1.29665775489654,63.16,short
antlr4ide_antlr4ide,SUCCESS,SUCCESS,2,1,0,3,69.6666666666667,0.577350269189626,0.467333333333333,0.00611010092660776,0.00,short
antlr_stringtemplate4,SUCCESS,FAILURE,612,33,3,3,4.491,0.0595734840344259,2.57933333333333,0.0593660958235703,0.49,short
apache_activemq-artemis,SUCCESS,SUCCESS,633,109,0,3,102.666666666667,1.15470053837925,61.4236666666667,0.947274687370738,0.00,medium
apache_apex-core,SUCCESS,FAILURE,431,77,5,3,462,1,444.358,0.718713433852382,1.16,long
apache_beam,SUCCESS,?,4073,320,0,3,0,0,53.2793333333333,1.99646220433381,0.00,short
apache_bookkeeper,FAILURE,FAILURE,1,1,0,3,5.80933333333333,0.0458839114868528,0.0893333333333333,0.00585946527708231,0.00,short
apache_eagle,FAILURE,FAILURE,742,306,0,3,971,5.29150262212918,421.094333333333,3.2355632173289,0.00,long
apache_flink,SUCCESS,SUCCESS,8134,1262,0,3,360.666666666667,14.0118997046558,1255.378,5.06069570316107,0.00,long
apache_flume,SUCCESS,FAILURE,54,6,6,3,68.3333333333333,1.52752523165195,62.9186666666667,1.77813394696051,11.11,medium
apache_giraph,SUCCESS,SUCCESS,29,15,0,3,1097.33333333333,2.08166599946613,70.8676666666667,1.96674256915676,0.00,medium
apache_incubator-brooklyn,FAILURE,FAILURE,405,3,0,3,134.333333333333,1.15470053837925,4.02166666666667,0.0255799400572663,0.00,short
apache_incubator-guacamole-client,SUCCESS,FAILURE,6,5,0,3,15.6773333333333,0.140873465682269,0.00766666666666667,0.00115470053837925,0.00,short
apache_incubator-metron,FAILURE,FAILURE,895,156,0,3,217.333333333333,3.21455025366432,160.022333333333,0.823196412366663,0.00,medium
apache_incubator-samoa,SUCCESS,SUCCESS,47,11,0,3,70.6666666666667,1.15470053837925,63.4873333333333,1.12241718328495,0.00,medium
apache_jackrabbit,SUCCESS,SUCCESS,4558,130,0,3,401.333333333333,2.88675134594813,379.929,4.63004049658326,0.00,long
apache_jackrabbit-oak,SUCCESS,FAILURE,8374,1015,30,3,2499,4.58257569495584,2451.78633333333,5.06885296031971,0.36,long
apache_logging-log4j2,SUCCESS,FAILURE,2505,418,12,3,628.333333333333,1.52752523165195,318.144666666667,0.579431042776755,0.48,long
apache_mahout,SUCCESS,SUCCESS,3375,343,0,3,1089,1.73205080756888,1117.44033333333,9.00973303341132,0.00,long
apache_metron,SUCCESS,SUCCESS,1277,207,0,3,358,3,92.1476666666667,1.25925626197897,0.00,medium
apache_mina,SUCCESS,SUCCESS,371,63,0,3,53.2363333333333,1.03298418832688,45.897,0.97002474195249,0.00,short
apache_nifi,FAILURE,FAILURE,2864,431,1,3,549,1,431.789666666666,0.882056876472949,0.03,long
apache_opennlp,SUCCESS,SUCCESS,576,135,0,3,33.5966666666667,0.246033195592247,105.753,0.847226652083134,0.00,medium
apache_parquet-mr,FAILURE,FAILURE,716,101,0,3,107,1.73205080756888,78.5776666666667,0.769355791122237,0.00,medium
apache_pdfbox,SUCCESS,FAILURE,1218,121,6,3,41.4566666666667,1.31650307000528,38.9576666666667,1.32744277968331,0.49,short
apache_sling,FAILURE,FAILURE,3452,582,0,3,982.666666666667,7.23417813807024,774.550999999999,4.44054062023989,0.00,long
apache_stanbol,FAILURE,FAILURE,962,131,4,3,191,9.53939201416946,69.082,10.4167451250379,0.42,medium
apache_tika,SUCCESS,SUCCESS,1309,239,0,3,291.666666666667,1.52752523165195,268.166333333333,1.46692069769759,0.00,medium
apache_tomee,FAILURE,FAILURE,135,40,0,3,63.6666666666667,0.577350269189626,26.2216666666667,0.835761528986195,0.00,short
apache_velocity-engine,SUCCESS,SUCCESS,562,125,0,3,9.058,0.0180277563773198,5.57733333333333,0.0306648550189505,0.00,short
apache_wicket,SUCCESS,FAILURE,2564,580,2,3,186,1,124.852666666667,0.422367533474404,0.08,medium
apereo_java-cas-client,SUCCESS,FAILURE,143,26,1,3,5.932,0.0490000000000003,2.82833333333333,0.0286763549520044,0.70,short
apiman_apiman,SUCCESS,FAILURE,769,90,1,3,89,0,32.0063333333333,0.347928632528753,0.13,short
armzilla_amazon-echo-ha-bridge,SUCCESS,SUCCESS,1,1,0,3,6.60866666666667,0.0621718049708497,0.004,0,0.00,short
arnaudroger_SimpleFlatMapper,FAILURE,FAILURE,128,38,0,3,11.7166666666667,0.19161506551765,5.871,0.145006896387724,0.00,short
asciidoctor_asciidoctor-maven-plugin,SUCCESS,SUCCESS,65,5,0,3,38.6613333333333,0.237769496221305,33.9253333333333,0.112735679060947,0.00,short
aseldawy_spatialhadoop2,SUCCESS,SUCCESS,32,11,0,3,18.701,0.108171160666787,16.8183333333333,0.0444109596083365,0.00,short
astamuse_asta4d,SUCCESS,FAILURE,261,1,0,3,81.6666666666667,4.72581562625261,15.216,0.564798194048104,0.00,short
asterisk-java_asterisk-java,SUCCESS,SUCCESS,221,40,0,3,11.767,0.139309009041052,8.64533333333334,0.00950438495292139,0.00,short
atilika_kuromoji,SUCCESS,SUCCESS,672,45,0,3,552,19.0787840283389,129.721666666667,1.48222276778267,0.00,medium
ATLauncher_ATLauncher,SUCCESS,SUCCESS,1,1,0,3,1.332,0.0426731765867038,0.003,0,0.00,short
Atmosphere_nettosphere,SUCCESS,FAILURE,43,1,12,3,14.818,14.7085877296224,13.0613333333333,14.7082920943709,27.91,short
atomashpolskiy_bt,SUCCESS,SUCCESS,275,38,0,3,7.02333333333333,0.181147269737453,1.73733333333333,0.0497426711519732,0.00,short
atomix_atomix,SUCCESS,SUCCESS,56,3,0,3,474.333333333333,2.3094010767585,261.677333333333,3.8299726282747,0.00,medium
AuthMe_AuthMeReloaded,SUCCESS,FAILURE,1052,196,1,3,41.8403333333333,3.65446156544755,36.6153333333334,0.136236314297388,0.10,short
aws_aws-sdk-android,FAILURE,FAILURE,1156,211,0,3,128.333333333333,12.2202018532156,103.152,12.0018106550636,0.00,medium
aws_aws-sdk-java,SUCCESS,SUCCESS,1273,171,0,3,328,5.56776436283002,249.242666666667,5.17622500798919,0.00,medium
awslabs_amazon-kinesis-client,SUCCESS,SUCCESS,248,39,0,3,19.2496666666667,0.099605890053417,13.4103333333333,0.0511598801145327,0.00,short
awslabs_amazon-kinesis-connectors,SUCCESS,SUCCESS,5,2,0,3,3.30566666666667,0.098500423010936,1.665,0.0392300904918661,0.00,short
awslabs_aws-apigateway-importer,SUCCESS,SUCCESS,22,6,0,3,3.82866666666667,0.047961790347456,1.8,0.034117444218464,0.00,short
awslabs_dynamodb-cross-region-library,SUCCESS,SUCCESS,22,6,0,3,8.92233333333333,0.0966919507163515,0.457666666666667,0.0325781112609883,0.00,short
awslabs_dynamodb-transactions,SUCCESS,SUCCESS,64,5,0,3,2.532,0.0753193202306023,0.746333333333333,0.0118462370959445,0.00,short
AxonFramework_Axon-trader,SUCCESS,SUCCESS,65,13,0,3,7.736,0.0467011777153425,4.388,0.066090846567433,0.00,short
Azure_azure-storage-java,SUCCESS,FAILURE,1154,41,1100,3,3.914,2.55588751708678,0.868333333333333,0.0433166634603051,95.32,short
Baeldung_spring-security-oauth,SUCCESS,SUCCESS,1,1,0,3,9.06633333333333,0.114054080739505,6.588,0.0440340777126081,0.00,short
ballerinalang_ballerina,SUCCESS,SUCCESS,605,1,0,3,118.666666666667,0.577350269189626,11.4313333333333,0.198154821625247,0.00,short
banq_jdonframework,SUCCESS,SUCCESS,14,5,0,3,7.751,0.212605268043856,6.47033333333333,0.170071553568883,0.00,short
basho_riak-java-client,SUCCESS,SUCCESS,367,59,0,3,49.0696666666667,1.09803885784308,39.8296666666667,0.962593025807539,0.00,short
bazaarvoice_jolt,SUCCESS,SUCCESS,19,3,0,3,37.5076666666667,1.46690467765746,1.07266666666667,0.0245831920899897,0.00,short
benas_jql,SUCCESS,SUCCESS,1,1,0,3,8.89866666666667,0.287906813627836,0.413,0.0166433169770932,0.00,short
Berico-Technologies_CLAVIN,SUCCESS,FAILURE,80,16,44,3,13.0006666666667,0.22996159099583,11.0686666666667,0.190867318662293,55.00,short
bfwg_springboot-jwt-starter,SUCCESS,SUCCESS,10,2,0,3,8.08466666666667,0.0989663242387699,0.664,0.0122882057274446,0.00,short
biezhi_wechat-robot,SUCCESS,FAILURE,2,1,1,3,13.62,0.360155521962388,12.164,0.383437087408091,50.00,short
bitcoinj_bitcoinj,SUCCESS,SUCCESS,5243,65,0,3,91.3333333333333,0.577350269189626,82.1186666666667,0.864688575923916,0.00,medium
blynkkk_blynk-server,FAILURE,FAILURE,12,5,0,3,5.90333333333333,0.137143477181138,0.695666666666667,0.0195021366350801,0.00,short
bmwcarit_barefoot,SUCCESS,FAILURE,39,13,4,3,3.531,0.0205182845286834,0.998666666666667,0.0572916515151494,10.26,short
Borisvl_bigbash,SUCCESS,SUCCESS,16,9,0,3,4.11766666666667,0.0419324854180305,0.391666666666667,0.0102143689640297,0.00,short
bouncestorage_chaos-http-proxy,SUCCESS,SUCCESS,21,3,0,3,93,8.66025403784439,91.9133333333333,8.66516326062777,0.00,medium
boundary_fasttuple,SUCCESS,SUCCESS,18,5,0,3,4.26433333333333,0.0246644143115812,0.472666666666667,0.00057735026918961,0.00,short
brahalla_Cerberus,SUCCESS,SUCCESS,22,8,0,3,12.3673333333333,0.238080518592625,1.68566666666667,0.00321455025366438,0.00,short
bramp_ffmpeg-cli-wrapper,SUCCESS,FAILURE,108,23,11,3,7.22266666666667,0.109600790751405,3.05966666666667,0.0453908948285153,10.19,short
brianfrankcooper_YCSB,SUCCESS,SUCCESS,112,19,0,3,270,1.73205080756888,203.405666666667,1.15384588803416,0.00,medium
brianmcmichael_SAGU,SUCCESS,FAILURE,43,1,5,3,2.765,0.0175783958312469,0.326333333333333,0.00577350269189626,11.63,short
BroadleafCommerce_BroadleafCommerce,SUCCESS,SUCCESS,383,70,0,3,51.7676666666667,1.21477172066744,30.018,0.943400233199035,0.00,short
Bukkit_Bukkit,SUCCESS,SUCCESS,906,38,0,3,1.83533333333333,0.00680685928555401,0.412666666666667,0.0207444771766688,0.00,short
bwssytems_ha-bridge,SUCCESS,SUCCESS,4,4,0,3,1.428,0.0435545634807652,0.0813333333333333,0.00404145188432738,0.00,short
caelum_mamute,SUCCESS,FAILURE,294,69,79,3,10.696,0.0773498545570706,8.15666666666666,0.0563057131500292,26.87,short
caelum_vraptor,FAILURE,FAILURE,1139,164,0,3,9.46566666666667,0.389791397202829,6.916,0.372016128682615,0.00,short
caelum_vraptor4,SUCCESS,FAILURE,875,120,2,3,20.5173333333333,0.449873685975668,3.62166666666666,0.108854643140904,0.23,short
CamelCookbook_camel-cookbook-examples,SUCCESS,FAILURE,451,287,1,3,346.666666666667,0.577350269189626,326.172,0.864382438507346,0.22,long
camunda_camunda-bpm-platform,FAILURE,FAILURE,13524,873,4,3,642,1.73205080756888,565.158333333333,1.23617164396176,0.03,long
cdk_cdk,SUCCESS,FAILURE,20234,692,3,3,74,3.46410161513775,35.9866666666667,0.0698880056471322,0.01,short
centic9_jgit-cookbook,SUCCESS,SUCCESS,4,3,0,3,8.26566666666667,1.05003111065022,6.989,1.03986008674244,0.00,short
chenlb_mmseg4j-core,SUCCESS,SUCCESS,47,7,0,3,1.464,0.0434856298103178,0.336,0.00360555127546399,0.00,short
chewiebug_GCViewer,SUCCESS,FAILURE,330,51,7,3,4.998,0.13839075113605,2.142,0.0305122926047853,2.12,short
chocotan_lolibox,SUCCESS,FAILURE,2,2,1,3,20.1453333333333,0.357567243093287,0.026,0.002,50.00,short
chrisvest_stormpot,SUCCESS,SUCCESS,372,10,0,3,9.254,0.0766224510179623,4.70166666666667,0.057465931936525,0.00,short
citerus_dddsample-core,SUCCESS,SUCCESS,92,34,0,3,5.77633333333333,0.19022180036298,1.28766666666667,0.0309246395829173,0.00,short
cloudera_kitten,FAILURE,FAILURE,5,2,0,3,8.36233333333333,0.151671794785099,0.340666666666667,0.0231156512634477,0.00,short
CloudSlang_cloud-slang,SUCCESS,SUCCESS,1089,116,0,3,123.666666666667,2.88675134594813,76.7586666666667,3.33377403753367,0.00,medium
cobbzilla_s3s3mirror,SUCCESS,FAILURE,15,2,8,3,1.44866666666667,0.0388372673257701,0.149333333333333,0.00585946527708231,53.33,short
codefollower_Tomcat-Research,SUCCESS,FAILURE,1691,220,69,3,736.333333333333,83.9305268262587,729.195,83.8689559312621,4.08,long
codelibs_fess,SUCCESS,SUCCESS,113,31,0,3,19.5633333333333,0.281791293927498,13.1076666666667,0.321145346118128,0.00,short
codenvy_codenvy,FAILURE,FAILURE,35,8,0,3,70.6666666666667,4.16333199893227,2.81466666666667,0.00986576572463243,0.00,short
CodeStory_fluent-http,SUCCESS,FAILURE,409,90,2,3,45.1706666666667,1.20293903974114,42.3113333333333,1.20037174797365,0.49,short
Comcast_cmb,SUCCESS,FAILURE,140,38,102,3,53.5706666666667,0.0155670592384503,45.672,0.0250599281722859,72.86,short
cometd_cometd,FAILURE,FAILURE,712,123,2,3,1178.33333333333,10.1159939369957,1144.64566666667,0.942961469697258,0.28,long
coreos_jetcd,SUCCESS,FAILURE,89,1,21,3,37.037,0.0377226722277208,16.3103333333333,0.157328742870886,23.60,short
CorfuDB_CorfuDB,SUCCESS,SUCCESS,280,51,0,3,193.333333333333,18.5831464863551,180.607666666667,17.9353437194087,0.00,medium
crashub_crash,FAILURE,FAILURE,809,154,0,3,52.9276666666667,1.40197087463803,45.0383333333333,1.42180530781585,0.00,short
cucumber_cucumber-java-skeleton,SUCCESS,SUCCESS,5,1,0,3,1.51133333333333,0.0169213868619961,0.014,0,0.00,short
Cue_greplin-bloom-filter,SUCCESS,SUCCESS,16,1,0,3,1.09866666666667,0.0820081296783028,0.124666666666667,0.00568624070307733,0.00,short
danieldk_dictomaton,SUCCESS,SUCCESS,221,11,0,3,8.12166666666667,0.0753945179262619,6.463,0.0746659226153405,0.00,short
dashbuilder_dashbuilder,FAILURE,FAILURE,890,141,0,3,93.6666666666667,1.52752523165195,30.5133333333333,0.235181490201372,0.00,short
davidB_scala-maven-plugin,SUCCESS,FAILURE,7,3,1,3,4.79866666666667,0.0642598889925378,0.021,0.00173205080756888,14.29,short
davidmoten_geo,SUCCESS,SUCCESS,92,9,0,3,3.83033333333333,0.0735005668912378,1.518,0.0703775532396517,0.00,short
davidmoten_rtree,SUCCESS,SUCCESS,297,32,0,3,15.5883333333333,0.374521472459636,12.5156666666667,0.295831596239033,0.00,short
davidmoten_rxjava-jdbc,SUCCESS,SUCCESS,450,21,0,3,6.20766666666667,0.0922189423780893,3.103,0.0623858958419289,0.00,short
dcm4che_dcm4che,FAILURE,FAILURE,289,45,0,3,17.928,0.17951880124377,5.03733333333333,0.00960902353693267,0.00,short
debezium_debezium,SUCCESS,SUCCESS,458,58,0,3,29.31,3.56109702198634,21.4063333333333,1.0771733070093,0.00,short
decebals_pf4j,SUCCESS,SUCCESS,21,6,0,3,2.103,0.0278747197295326,0.453,0.001,0.00,short
deeplearning4j_DataVec,SUCCESS,SUCCESS,350,91,0,3,98,2.64575131106459,68.8453333333333,2.74112063458237,0.00,medium
deeplearning4j_nd4j,FAILURE,FAILURE,16,9,2,3,16.367,0.179156356292485,2.59866666666667,0.0475008771848831,12.50,short
devnied_EMV-NFC-Paycard-Enrollment,FAILURE,FAILURE,65,21,0,3,3.80233333333333,0.0496923870762246,0.786666666666667,0.0211266025033211,0.00,short
dianping_zebra,SUCCESS,FAILURE,381,50,254,3,14.1386666666667,0.145726913551798,0.117333333333333,0.00115470053837924,66.67,short
dibbhatt_kafka-spark-consumer,SUCCESS,SUCCESS,5,2,0,3,11.3733333333333,0.780139303799862,9.72233333333333,0.790119822136701,0.00,short
dieforfree_qart4j,SUCCESS,SUCCESS,1,1,0,3,1.11833333333333,0.016921386861996,0.002,0,0.00,short
digitalfondue_lavagna,SUCCESS,SUCCESS,478,62,0,3,43.328,1.01636459993449,25.3943333333333,0.709931217325547,0.00,short
DigitalPebble_storm-crawler,SUCCESS,SUCCESS,81,23,0,3,9.259,0.185086466279952,5.811,0.122747708736253,0.00,short
docker-java_docker-java,SUCCESS,SUCCESS,261,1,0,3,11.5356666666667,0.014502873278538,4.76766666666667,0.072665902136651,0.00,short
documents4j_documents4j,SUCCESS,SUCCESS,134,29,0,3,25.2553333333333,0.228171718960377,14.0093333333333,0.0687337859668271,0.00,short
drtshock_Essentials,FAILURE,FAILURE,3,1,0,3,8.05033333333333,5.97882441064574,0.004,0,0.00,short
dynjs_dynjs,SUCCESS,SUCCESS,889,77,0,3,8.70766666666667,0.146483218606547,6.80933333333333,0.0469183688264357,0.00,short
easymock_easymock,SUCCESS,FAILURE,630,92,7,3,8.54033333333333,0.0452143045211731,2.55266666666666,0.0190087699058449,1.11,short
easymock_objenesis,SUCCESS,FAILURE,34,13,2,3,5.19333333333333,0.126033064444745,0.693,0.0108166538263919,5.88,short
eclipse_californium,SUCCESS,SUCCESS,379,65,0,3,84,0,79.676,0.12350303639992,0.00,medium
eclipse_jetty.project,FAILURE,FAILURE,6479,593,6,3,2243.33333333333,14.9777612924406,1888.96266666667,4.54821507113862,0.09,long
eclipse_leshan,SUCCESS,SUCCESS,250,30,0,3,16.77,0.186502010713022,27.8193333333333,0.220917028165176,0.00,short
eclipsesource_J2V8,SUCCESS,FAILURE,2512,29,2406,3,8.41233333333333,0.0346458270695524,6.07666666666667,0.0230289672658879,95.78,short
eclipse_vert.x,SUCCESS,FAILURE,2925,109,1,3,315,1.73205080756888,297.378333333333,2.07026189969615,0.03,medium
eivindveg_HotSUploader,SUCCESS,FAILURE,39,14,15,3,4.536,0.0593548650070069,0.203,0.0134536240470737,38.46,short
elasticfence_elasticsearch-http-user-auth,SUCCESS,SUCCESS,3,2,0,3,1.601,0.0365102725270573,0.212333333333333,0.0106926766215636,0.00,short
elki-project_elki,FAILURE,FAILURE,1,1,0,3,2.56933333333333,0.0367740850781272,0.00166666666666667,0.000577350269189626,0.00,short
etsy_statsd-jvm-profiler,SUCCESS,SUCCESS,45,15,0,3,3.87833333333333,0.0440945952848344,0.851,0.0270554985169373,0.00,short
eugenp_REST-With-Spring,SUCCESS,SUCCESS,128,9,0,3,3.401,0.0599082632030006,0.562333333333333,0.0169213868619961,0.00,short
evernote_evernote-sdk-java,SUCCESS,SUCCESS,14,6,0,3,4.52366666666667,0.106227742766819,0.178333333333333,0.0066583281184794,0.00,short
fabric8io_spring-cloud-kubernetes,SUCCESS,SUCCESS,9,3,0,3,28.599,3.51298391684334,14.2816666666667,0.0361155552820854,0.00,short
facebookarchive_linkbench,SUCCESS,SUCCESS,98,17,0,3,363,1.73205080756888,755.456666666667,4.04740377690846,0.00,long
fakereplace_fakereplace,FAILURE,FAILURE,1,1,0,3,7.68066666666667,0.161769383176587,0.715666666666667,0.027024680078279,0.00,short
feroult_yawp,SUCCESS,SUCCESS,358,57,0,3,13.3146666666667,0.141803855142705,5.90666666666667,0.0863268980870565,0.00,short
fizzed_rocker,SUCCESS,SUCCESS,155,16,0,3,9.78833333333333,0.139378381872274,1.49666666666667,0.0282901631902917,0.00,short
fluent_fluent-logger-java,SUCCESS,SUCCESS,18,5,0,3,36.2153333333333,0.24354123538599,34.8503333333333,0.258422780213616,0.00,short
forcedotcom_wsc,SUCCESS,SUCCESS,29,12,0,3,10.314,0.141714501727946,6.92433333333333,0.0287460142164669,0.00,short
forge_core,SUCCESS,FAILURE,225,83,86,3,60.332,0.578508426904915,30.5366666666667,0.9216573839195,38.22,short
fpj_zookeeper-book-example,SUCCESS,SUCCESS,16,5,0,3,17.818,0.189501978881487,14.8133333333333,0.14340618303732,0.00,short
freedomotic_freedomotic,SUCCESS,SUCCESS,73,28,0,3,21.642,0.569611270955903,9.49766666666667,0.129469430111254,0.00,short
frohoff_ysoserial,SUCCESS,FAILURE,30,2,3,3,5.696,0.681901019210266,3.91633333333333,0.685736343891246,10.00,short
fusesource_hawtdispatch,FAILURE,FAILURE,5,4,0,3,25.9883333333333,0.316103358623938,18.6496666666667,0.32367009953552,0.00,short
galenframework_galen,SUCCESS,SUCCESS,869,2,0,3,27.6773333333333,0.103239204439656,19.379,0.0908129946648605,0.00,short
gchq_Gaffer,FAILURE,FAILURE,1739,252,1,3,187.333333333333,1.52752523165195,56.4013333333334,0.139407077773451,0.06,short
geotools_geotools,SUCCESS,SUCCESS,7678,1339,0,3,613,60.1082357085949,511.573999999998,60.3128326892383,0.00,long
giltene_jHiccup,SUCCESS,SUCCESS,2,2,0,3,1.50266666666667,0.0491358660586473,0.004,0,0.00,short
github_maven-plugins,SUCCESS,SUCCESS,34,6,0,3,3.27366666666667,0.0541233159861196,1.11,0.0168226038412607,0.00,short
GlenKPeterson_Paguro,SUCCESS,SUCCESS,424,56,0,3,5.27433333333333,0.0659191423892432,2.11766666666667,0.027024680078279,0.00,short
glowroot_glowroot,SUCCESS,SUCCESS,463,93,0,3,80.3333333333333,0.577350269189626,15.3883333333333,0.120541832296231,0.00,short
glyptodon_guacamole-client,SUCCESS,FAILURE,6,5,0,3,15.8563333333333,0.201559751273248,0.00766666666666667,0.000577350269189626,0.00,short
googleads_googleads-java-lib,SUCCESS,SUCCESS,5045,170,0,3,67.6666666666667,0.577350269189626,56.829,0.0886115116674815,0.00,short
google_closure-compiler,SUCCESS,SUCCESS,11580,324,0,3,121.333333333333,1.52752523165195,59.4663333333334,0.263213474832332,0.00,short
GoogleCloudPlatform_DataflowJavaSDK,SUCCESS,SUCCESS,3388,307,0,3,141,2,134.258,2.17676204487313,0.00,medium
google_google-java-format,FAILURE,FAILURE,931,17,0,3,19.458,0.521057578392255,3.914,0.0387427412556208,0.00,short
graphaware_neo4j-framework,SUCCESS,FAILURE,543,114,24,3,205.666666666667,0.577350269189626,184.399666666667,0.568547564706179,4.42,medium
graphaware_neo4j-reco,SUCCESS,SUCCESS,19,8,0,3,17.123,0.210876741249479,14.9753333333333,0.253332456138831,0.00,short
graphaware_neo4j-timetree,SUCCESS,SUCCESS,163,19,0,3,120.666666666667,1.15470053837925,118.774666666667,0.72162132267092,0.00,medium
graphhopper_map-matching,FAILURE,FAILURE,8,1,0,3,1.527,0.0372424488990721,0.033,0.00458257569495584,0.00,short
Graphify_graphify,SUCCESS,SUCCESS,9,3,0,3,8.57866666666667,0.0810267445559388,8.65,0.121503086380553,0.00,short
greenmail-mail-test_greenmail,SUCCESS,SUCCESS,106,44,0,3,52.744,5.66472170543267,48.5556666666667,5.63551704223609,0.00,short
hantsy_angularjs-springmvc-sample,SUCCESS,SUCCESS,15,5,0,3,10.1566666666667,0.191901884652895,4.008,0.133292910539158,0.00,short
hantsy_angularjs-springmvc-sample-boot,SUCCESS,SUCCESS,32,11,0,3,42.493,0.166826256926179,5.23733333333333,0.206323370788026,0.00,short
haraldk_TwelveMonkeys,SUCCESS,SUCCESS,4102,166,0,3,73.3333333333333,0.577350269189626,61.2563333333333,0.339503068223752,0.00,medium
hawkular_hawkular-apm,FAILURE,FAILURE,567,80,0,3,52.396,0.216527134558235,40.5896666666667,0.190518590518958,0.00,short
hazelcast_hazelcast,SUCCESS,SUCCESS,16840,1294,0,3,5340,0,16385.883,15.7772108118217,0.00,long
hazelcast_hazelcast-jet,SUCCESS,SUCCESS,1531,117,0,3,241,11.2694276695846,872.837666666667,14.953094841314,0.00,long
hdiv_hdiv,SUCCESS,SUCCESS,237,47,0,3,12.769,0.211454486828726,9.50766666666667,0.24246511776611,0.00,short
healthonnet_hon-lucene-synonyms,SUCCESS,SUCCESS,19,16,0,3,5.883,0.046486557196678,1.14866666666667,0.0217791949652261,0.00,short
hector-client_hector,SUCCESS,FAILURE,322,70,6,3,431,19.0787840283389,320.364333333333,18.6802529247688,1.86,long
hengyunabc_xdiamond,SUCCESS,?,2,2,0,3,0,0,0.592666666666667,0.0173877351409933,0.00,short
hibernate_hibernate-ogm,SUCCESS,SUCCESS,896,242,0,3,170.666666666667,2.08166599946613,130.569,1.92754377382202,0.00,medium
hibernate_hibernate-search,FAILURE,FAILURE,1235,359,0,3,141.333333333333,1.15470053837925,93.7983333333334,0.903124760668933,0.00,medium
HolgerHees_cloudsync,SUCCESS,SUCCESS,2,1,0,3,29.175,16.4209252784367,27.8996666666667,16.4275093770581,0.00,short
horrorho_InflatableDonkey,SUCCESS,SUCCESS,117,11,0,3,7.94666666666667,0.0885569496614093,0.330333333333333,0.0195021366350801,0.00,short
HotswapProjects_HotswapAgent,SUCCESS,FAILURE,69,26,0,3,3.65833333333333,0.132831974062472,0.615,0.034117444218464,0.00,short
httl_httl,SUCCESS,FAILURE,140,11,30,3,68.6,63.5674244877044,61.0383333333333,56.5337070899595,21.43,medium
HuaweiBigData_StreamCQL,SUCCESS,FAILURE,387,112,20,3,3.244,0.0508625599041182,0.747,0.0115325625946709,5.17,short
ihaolin_alipay,SUCCESS,FAILURE,8,2,8,3,1.125,0.0483838816136117,0.0506666666666667,0.000577350269189626,100.00,short
ihaolin_diablo,SUCCESS,FAILURE,26,10,18,3,50.657,0.0605061980296235,45.8576666666667,0.0255799400572645,69.23,short
ihaolin_wepay,SUCCESS,FAILURE,10,1,10,3,1.09966666666667,0.0150111069989303,0.015,0,100.00,short
imglib_imglib2,SUCCESS,SUCCESS,375,67,0,3,11.5333333333333,0.0774359950755031,8.93133333333334,0.0926516774447916,0.00,short
ImmobilienScout24_yum-repo-server,SUCCESS,SUCCESS,192,42,0,3,10.15,0.190283998276261,7.33,0.248610136559232,0.00,short
impetus-opensource_Kundera,SUCCESS,?,928,272,400,3,0,0,11005.661,0.556272415282248,43.10,long
impossibl_pgjdbc-ng,SUCCESS,FAILURE,1475,47,1441,3,7.73533333333333,0.136990267294189,1.497,0.0990151503558924,97.69,short
infinitest_infinitest,SUCCESS,FAILURE,544,154,22,3,27.3446666666667,0.156576924651536,12.0413333333333,0.268421931543106,4.04,short
INRIA_spoon,SUCCESS,SUCCESS,1042,133,0,3,141.333333333333,2.51661147842358,137.201666666667,2.77010836129807,0.00,medium
intuit_karate,SUCCESS,SUCCESS,370,26,0,3,18.5426666666667,0.0523672925912106,20.831,0.0121243556529845,0.00,short
intuit_wasabi,SUCCESS,SUCCESS,1023,230,0,3,60.3333333333333,0.577350269189626,0.158333333333333,0.0106926766215636,0.00,short
iotaledger_iri,SUCCESS,SUCCESS,148,19,0,3,9.817,0.156240199692653,6.151,0.119804006610797,0.00,short
JakeWharton_DiskLruCache,SUCCESS,SUCCESS,61,2,0,3,3.54933333333333,0.0302875111776015,1.34666666666667,0.0401289587870572,0.00,short
JakubDziworski_Enkel-JVM-language,SUCCESS,SUCCESS,27,9,0,3,5.738,0.0902662727711739,0.834666666666667,0.0434664621672081,0.00,short
jankotek_mapdb,SUCCESS,SUCCESS,3872,178,0,3,376,2,331.207333333333,1.40581162796912,0.00,long
javaee-samples_javaee7-samples,SUCCESS,FAILURE,188,188,186,3,190,1,130.034,0.294998305079897,98.94,medium
javaparser_javaparser,SUCCESS,SUCCESS,1209,88,0,3,16.5693333333333,0.219639097915952,5.67966666666667,0.0880018939190115,0.00,short
javaslang_javaslang,SUCCESS,SUCCESS,14520,132,0,3,134.666666666667,4.16333199893227,566.245,75.6959952111075,0.00,long
jbake-org_jbake,SUCCESS,SUCCESS,140,27,0,3,23.6233333333333,0.378116824980499,21.026,0.367245149729713,0.00,short
jbarrez_spring-boot-with-activiti-example,SUCCESS,SUCCESS,1,1,0,3,10.986,0.224408110370369,0.322333333333333,0.00416333199893227,0.00,short
jcabi_jcabi-aspects,SUCCESS,SUCCESS,70,18,0,3,13.961,2.81804737362593,22.2876666666667,2.20042389855531,0.00,short
jcabi_jcabi-github,SUCCESS,SUCCESS,642,158,0,3,17.17,0.820678377928894,255.300333333333,24.6142752144631,0.00,medium
jcabi_jcabi-ssh,SUCCESS,SUCCESS,9,6,0,3,6.63533333333333,2.48010127481386,11.2573333333333,2.89835424565965,0.00,short
jclagache_spring-data-mybatis,SUCCESS,SUCCESS,7,2,0,3,18.1436666666667,0.801596116091721,0.411,0.0108166538263919,0.00,short
JCTools_JCTools,SUCCESS,SUCCESS,791,29,0,3,243,1,237.592333333333,0.977799740914932,0.00,medium
jenkinsci_blueocean-plugin,FAILURE,FAILURE,22,7,0,3,50.3303333333333,0.676000986192573,0.279666666666667,0.022722969289539,0.00,short
jenkinsci_docker-build-publish-plugin,SUCCESS,SUCCESS,10,3,0,3,46.6103333333333,0.213094658152973,49.5983333333333,0.265981828953284,0.00,short
jenkinsci_docker-slaves-plugin,SUCCESS,SUCCESS,19,1,0,3,28.8223333333333,0.217270185099874,16.5583333333333,0.306529498308617,0.00,short
jenkinsci_docker-workflow-plugin,SUCCESS,SUCCESS,43,7,0,3,266.666666666667,45.0814078455114,255.211666666667,44.7762059617977,0.00,medium
jenkinsci_github-plugin,SUCCESS,SUCCESS,246,43,0,3,1572.66666666667,223.683556242593,1558.653,223.349706395598,0.00,long
jenkinsci_java-client-api,SUCCESS,SUCCESS,69,10,0,3,2.74466666666667,0.0428524600616269,0.416333333333333,0.0187705443004014,0.00,short
jenkinsci_mesos-plugin,SUCCESS,SUCCESS,38,5,0,3,29.2553333333333,0.197419181776577,26.0083333333333,0.174184767799407,0.00,short
jeremyh_jBCrypt,SUCCESS,SUCCESS,6,1,0,3,17.691,0.237966384180623,16.594,0.283931329726044,0.00,short
jeremylong_DependencyCheck,FAILURE,FAILURE,26,5,0,3,3.55133333333333,0.0364737348421209,0.282666666666667,0.0135769412362775,0.00,short
jexp_batch-import,SUCCESS,SUCCESS,111,19,0,3,17.7076666666667,0.506384570591692,16.3406666666667,0.515932489123659,0.00,short
jfree_jfreechart,SUCCESS,FAILURE,2138,341,1,3,8.299,0.148280140275089,1.91733333333333,0.0468757222166586,0.05,short
jgritman_httpbuilder,SUCCESS,FAILURE,80,9,22,3,57.9306666666667,19.98772659242,56.2803333333333,20.3548835991104,27.50,short
jitsi_jitsi-videobridge,SUCCESS,SUCCESS,7,1,0,3,3.65366666666667,0.0645781180689971,1.791,0.0611473629848418,0.00,short
jmacglashan_burlap,SUCCESS,SUCCESS,20,5,0,3,14.4903333333333,0.254498199076797,9.663,0.193176085476437,0.00,short
jmeter-maven-plugin_jmeter-maven-plugin,SUCCESS,SUCCESS,83,10,0,3,5.53166666666667,0.105077748992512,0.82,0.0259807621135331,0.00,short
jmrozanec_cron-utils,SUCCESS,SUCCESS,450,57,0,3,3.97166666666667,0.0474376784142451,1.21066666666667,0.0111504857891184,0.00,short
JodaOrg_joda-time,SUCCESS,SUCCESS,4207,1,0,3,6.172,0.0677347768875043,3.35933333333333,0.0453247540901584,0.00,short
jooby-project_jooby,SUCCESS,FAILURE,2180,327,30,3,250.333333333333,1.52752523165195,191.197,1.42650657201444,1.38,medium
jplag_jplag,SUCCESS,SUCCESS,19,2,0,3,7.95633333333333,0.0571430952375987,0.598,0.0149331845230681,0.00,short
jpmml_jpmml-evaluator,SUCCESS,SUCCESS,247,96,0,3,23.0336666666667,0.0464901423242948,14.9603333333333,0.0889119414552003,0.00,short
jpmml_jpmml-sklearn,SUCCESS,SUCCESS,92,17,0,3,36.2556666666667,0.483067628115704,33.548,0.450520809730255,0.00,short
jpush_jpush-api-java-client,SUCCESS,SUCCESS,72,11,0,3,2.89133333333333,0.0545557818506283,0.113,0.00556776436283003,0.00,short
jqno_equalsverifier,SUCCESS,SUCCESS,767,85,0,3,10.5553333333333,0.306888144660775,8.384,0.345625519891109,0.00,short
jsimone_webapp-runner,SUCCESS,SUCCESS,4,1,0,3,2.36266666666667,0.0742248835184896,0.007,0,0.00,short
jsonld-java_jsonld-java,SUCCESS,SUCCESS,553,15,0,3,34.238,12.1924330631749,30.9493333333333,12.2200872473699,0.00,short
JSQLParser_JSqlParser,SUCCESS,SUCCESS,531,35,0,3,9.01933333333333,0.0997613819738548,6.39866666666667,0.0466082968293561,0.00,short
kaitoy_pcap4j,SUCCESS,FAILURE,68,7,0,3,7.22133333333333,0.135651514305345,1.39366666666667,0.0297377425729214,0.00,short
keepkey_multibit-hd,SUCCESS,SUCCESS,148,36,0,3,89,0,82.8293333333334,0.465001433689564,0.00,medium
kenglxn_QRGen,SUCCESS,SUCCESS,64,7,0,3,4.047,0.0705336798983293,2.157,0.067446274915669,0.00,short
keycloak_keycloak,FAILURE,FAILURE,758,146,0,3,709.333333333333,7.50555349946514,255.812,2.42841697408001,0.00,medium
kframework_k,SUCCESS,SUCCESS,228,47,0,3,135.333333333333,0.577350269189626,128.727,0.227330156380539,0.00,medium
khoubyari_spring-boot-rest-example,SUCCESS,SUCCESS,2,1,0,3,8.74366666666667,0.144942517341646,0.364666666666667,0.0259293913027925,0.00,short
killbill_killbill,FAILURE,FAILURE,151,1,0,3,309.333333333333,23.1156512634477,0.36,0.00608276253029822,0.00,short
kite-sdk_kite,SUCCESS,SUCCESS,2394,200,0,3,1175.33333333333,7.37111479583199,1123.04233333333,4.70499419057414,0.00,long
klout_brickhouse,SUCCESS,SUCCESS,35,10,0,3,12.306,1.94852046435238,10.8123333333333,1.95777177764247,0.00,short
kongchen_swagger-maven-plugin,SUCCESS,SUCCESS,23,1,0,3,15.5796666666667,0.137551202587739,111.108333333333,1.33715157455441,0.00,medium
konsoletyper_teavm,FAILURE,FAILURE,1796,108,0,3,920.666666666667,8.32666399786453,3923.01633333333,189.232645791717,0.00,long
ktoso_maven-git-commit-id-plugin,SUCCESS,SUCCESS,126,15,0,3,14.216,0.265535308386663,11.0836666666667,0.317506430381076,0.00,short
kumuluz_kumuluzee,SUCCESS,SUCCESS,4,3,0,3,2.95066666666667,0.103664523021781,0.106666666666667,0.00152752523165195,0.00,short
lambadaframework_lambadaframework,SUCCESS,FAILURE,82,11,1,3,4.02866666666667,0.0196553639837408,0.759666666666667,0.0187705443004015,1.22,short
languagetool-org_languagetool,SUCCESS,SUCCESS,853,348,0,3,332.666666666667,3.05505046330389,291.248,2.600259410136,0.00,medium
larsga_Duke,SUCCESS,SUCCESS,671,70,0,3,12.612,0.0381051177665157,9.23366666666666,0.0231804515342839,0.00,short
lastfm_musicbrainz-data,SUCCESS,FAILURE,34,6,2,3,1.403,0.051468436929831,0.098,0.001,5.88,short
la-team_light-admin,SUCCESS,SUCCESS,43,14,0,3,3.74233333333333,0.0127410099024109,0.223666666666667,0.00472581562625261,0.00,short
lejon_T-SNE-Java,SUCCESS,SUCCESS,20,3,0,3,204.333333333333,8.62167810425171,203.402,8.85747616423551,0.00,medium
lemire_javaewah,SUCCESS,SUCCESS,268,11,0,3,23.9056666666667,0.904177711146062,36.967,1.13856796020265,0.00,short
lemire_JavaFastPFOR,SUCCESS,SUCCESS,52,11,0,3,20.8036666666667,0.169606407111681,18.7876666666667,0.12203414822636,0.00,short
leonchen83_redis-replicator,SUCCESS,?,50,35,4,3,0,0,85.162,1.68411282282392,8.00,medium
ligboy_retrofit-converter-fastjson,SUCCESS,SUCCESS,3,1,0,3,3.224,0.0379868398264452,0.152333333333333,0.00404145188432738,0.00,short
linkedin_pinot,SUCCESS,SUCCESS,637,222,0,3,3495,35.3836120259083,3010.52533333333,35.9396285781226,0.00,long
linqs_psl,SUCCESS,SUCCESS,126,21,0,3,14.715,0.178160040413108,7.10833333333333,0.113103197714889,0.00,short
lintool_warcbase,SUCCESS,SUCCESS,42,23,0,3,32.4283333333333,0.509898355884126,16.4663333333333,0.427729275749666,0.00,short
lukehutch_fast-classpath-scanner,SUCCESS,SUCCESS,79,23,0,3,4.40733333333333,0.0323470761172214,1.426,0.0150996688705415,0.00,short
mangstadt_ez-vcard,SUCCESS,SUCCESS,954,97,0,3,8.42566666666667,0.0505997364947021,4.29266666666666,0.0467582434799826,0.00,short
mapstruct_mapstruct,FAILURE,FAILURE,1523,192,0,3,298.666666666667,3.05505046330389,262.405333333333,3.1366581473494,0.00,medium
matsim-org_matsim,SUCCESS,SUCCESS,1802,484,0,3,258.666666666667,1.52752523165195,221.906666666667,0.601456842452711,0.00,medium
maxmind_geoip-api-java,SUCCESS,SUCCESS,11,9,0,3,1.96333333333333,0.00665832811847943,0.00266666666666667,0.00152752523165195,0.00,short
mbechler_marshalsec,SUCCESS,FAILURE,16,1,16,3,4.71933333333333,0.140969263789428,2.97633333333333,0.137928725555387,100.00,short
melin_super-diamond,SUCCESS,FAILURE,4,1,4,3,1.34333333333333,0.0205020324195758,0.198666666666667,0.00929157324317756,100.00,short
mesos_storm,SUCCESS,SUCCESS,32,8,0,3,3.85166666666667,0.120001388880851,0.466333333333333,0.00709459888459759,0.00,short
Microsoft_Git-Credential-Manager-for-Mac-and-Linux,SUCCESS,SUCCESS,64,14,0,3,21.3926666666667,0.0437759446880741,17.116,0.0249999999999986,0.00,short
mikereedell_sunrisesunsetlib-java,SUCCESS,SUCCESS,20,4,0,3,1.996,0.0375099986670222,0.795333333333333,0.0213853532431273,0.00,short
mikiobraun_jblas,SUCCESS,SUCCESS,120,14,0,3,3.75,0.0573759531511241,0.0883333333333333,0.00702376916856849,0.00,short
mitre_HTTP-Proxy-Servlet,SUCCESS,SUCCESS,56,3,0,3,17.764,0.0398371685740836,16.152,0.0121243556529795,0.00,short
ModeShape_modeshape,FAILURE,FAILURE,6159,232,32,3,481.333333333333,1.15470053837925,450.310666666666,1.06246192088649,0.52,long
mongojack_mongojack,SUCCESS,SUCCESS,714,21,0,3,16.2073333333333,0.183022767254058,12.9576666666667,0.155101042334773,0.00,short
mono_sharpen,SUCCESS,FAILURE,278,38,25,3,7.98366666666667,0.341827929422587,6.54133333333333,0.296833848025008,8.99,short
Moocar_logback-gelf,SUCCESS,SUCCESS,4,1,0,3,10.7366666666667,0.208433042805917,0.233666666666667,0.00503322295684716,0.00,short
movsim_movsim,SUCCESS,SUCCESS,61,10,0,3,5.122,0.120449159399308,0.277666666666667,0.00503322295684717,0.00,short
mp911de_CleanArchitecture,SUCCESS,SUCCESS,10,4,0,3,4.20566666666667,0.0186100331362771,1.81566666666667,0.00321455025366417,0.00,short
mpatric_mp3agic,SUCCESS,SUCCESS,353,24,0,3,1.91833333333333,0.0265769323537036,0.172666666666667,0.00493288286231625,0.00,short
Multibit-Legacy_multibit-hd,SUCCESS,SUCCESS,148,36,0,3,89.3333333333333,1.15470053837925,83.0856666666667,1.56004818301658,0.00,medium
Multiverse_Multiverse-Core,SUCCESS,SUCCESS,11,6,0,3,77.3923333333333,69.2800007241147,15.2753333333333,0.391971087369124,0.00,short
mvogiatzis_first-stories-twitter,SUCCESS,SUCCESS,11,3,0,3,1.25466666666667,0.0672631647585313,0.0223333333333333,0.000577350269189624,0.00,short
mybatis_jpetstore-6,SUCCESS,SUCCESS,4,3,0,3,6.11266666666667,0.170579404774824,0.918,0.0308058436014987,0.00,short
NanoHttpd_nanohttpd,SUCCESS,SUCCESS,239,34,0,3,60.6666666666667,0.577350269189626,18.19,0.36159784291392,0.00,short
nativelibs4java_BridJ,SUCCESS,FAILURE,456,45,1,3,49.8176666666667,0.208164198010446,22.425,0.333342166549628,0.22,short
nativelibs4java_JNAerator,SUCCESS,SUCCESS,330,17,0,3,35.8243333333333,0.405410080453524,31.4186666666667,0.370937101586419,0.00,short
neo4j_neo4j,SUCCESS,?,12858,1324,0,3,0,0,761.547333333331,1.6802298453882,0.00,long
neo4j_neo4j-ogm,SUCCESS,SUCCESS,1031,137,0,3,182,1,103.088,1.24274253166133,0.00,medium
neophob_PixelController,FAILURE,FAILURE,2,2,0,3,1.954,0.00888819441731553,0.434,0.0062449979983984,0.00,short
Netflix_Surus,SUCCESS,SUCCESS,10,6,0,3,2.60433333333333,0.0256969518296108,1.361,0.0417612260356423,0.00,short
networknt_light-4j,SUCCESS,SUCCESS,366,78,0,3,199.666666666667,6.50640709864771,172.035,6.95285071032018,0.00,medium
networknt_light-java,SUCCESS,SUCCESS,341,73,0,3,53.4706666666667,0.49272338419577,78.0783333333334,1.76084108690515,0.00,medium
neuland_jade4j,SUCCESS,SUCCESS,414,30,0,3,3.496,0.0754983443527074,1.37966666666667,0.0755005518743627,0.00,short
Nilhcem_FakeSMTP,SUCCESS,FAILURE,16,5,1,3,2.58266666666667,0.285500145942753,0.338333333333333,0.199785718541975,6.25,short
NLPchina_nlp-lang,SUCCESS,SUCCESS,30,16,0,3,30.1846666666667,0.164931298828734,28.838,0.201464637095446,0.00,short
NoCheatPlus_NoCheatPlus,SUCCESS,SUCCESS,55,21,0,3,7.81466666666667,0.0863153134347164,4.32333333333333,0.0856523982929453,0.00,short
normanmaurer_netty-in-action,SUCCESS,SUCCESS,7,5,0,3,1.605,0.0219317121994612,0.105666666666667,0.0142243921955679,0.00,short
nurkiewicz_spring-data-jdbc-repository,SUCCESS,SUCCESS,495,34,0,3,8.623,0.0281602556806574,1.67833333333333,0.0511891915674911,0.00,short
nuxeo_nuxeo,FAILURE,FAILURE,2612,483,25,3,810.666666666667,0.577350269189626,583.779333333333,0.159236721058369,0.96,long
olivergierke_rest-microservices,SUCCESS,SUCCESS,2,2,0,3,20.7456666666667,0.168185413556983,0.333,0.0204205778566622,0.00,short
olivergierke_spring-restbucks,SUCCESS,SUCCESS,33,13,0,3,20.8126666666667,0.12548439478012,12.991,0.0291032644217108,0.00,short
opencollab_jlatexmath,SUCCESS,FAILURE,9,2,1,3,3.278,0.0183575597506857,1.442,0.0173493515728975,11.11,short
OpenGamma_Strata,SUCCESS,SUCCESS,39,1,0,3,141.333333333333,1.15470053837925,14.6643333333333,0.363607388997162,0.00,short
OpenHFT_Chronicle-Logger,SUCCESS,SUCCESS,61,24,0,3,19.1163333333333,0.161016562295104,5.00733333333333,0.134422220385372,0.00,short
openmrs_openmrs-core,SUCCESS,FAILURE,3436,255,1,3,120.333333333333,2.3094010767585,98.4820000000001,2.33110510273561,0.03,medium
openscoring_openscoring,SUCCESS,SUCCESS,4,3,0,3,7.53133333333333,0.0984191715741063,3.57466666666667,0.104639062177245,0.00,short
OpenSextant_SolrTextTagger,SUCCESS,SUCCESS,34,8,0,3,7.73333333333333,0.101253806512809,1.39566666666667,0.143123489802804,0.00,short
opentracing_opentracing-java,SUCCESS,SUCCESS,26,9,0,3,4.34433333333333,0.0422532050066419,0.193,0.013228756555323,0.00,short
oshi_oshi,SUCCESS,SUCCESS,72,34,0,3,13.0313333333333,0.0856523982929451,7.22033333333333,0.0601193257890784,0.00,short
ovea-deprecated_jetty-session-redis,SUCCESS,SUCCESS,7,5,0,3,1.617,0.0210713075057055,0.412666666666667,0.0185831464863551,0.00,short
OvercastNetwork_ProjectAres,SUCCESS,SUCCESS,145,27,0,3,29.9126666666667,0.644642795145755,23.8193333333333,0.534232471245743,0.00,short
Pablissimo_SonarTsPlugin,SUCCESS,SUCCESS,113,17,0,3,4.943,0.0443959457608461,2.42466666666667,0.0299054064231424,0.00,short
pac4j_pac4j,SUCCESS,FAILURE,711,99,16,3,100,0,15.0506666666667,0.915925943148975,2.25,short
patrickfav_density-converter,SUCCESS,FAILURE,132,9,2,3,421.333333333333,10.2632028788938,419.481,9.95059802222959,1.52,long
paulc4_microservices-demo,SUCCESS,SUCCESS,12,2,0,3,7.22333333333333,0.0697447728029374,0.056,0.00264575131106459,0.00,short
paypal_SeLion,SUCCESS,FAILURE,260,2,0,3,37.1343333333333,0.117091132599069,3.233,0.0581291665173345,0.00,short
PebbleTemplates_pebble,SUCCESS,SUCCESS,441,33,0,3,4.48833333333333,0.0291433239925258,3.087,0.0121655250605961,0.00,short
perwendel_spark,SUCCESS,SUCCESS,285,40,0,3,31.0723333333333,0.325472477074996,5.638,0.0396106046406764,0.00,short
PeteGoo_tcSlackBuildNotifier,SUCCESS,SUCCESS,84,14,0,3,3.25533333333333,0.0696156112760159,1.599,0.0646297145282262,0.00,short
philwebb_testing-spring-boot-applications,SUCCESS,SUCCESS,29,11,0,3,12.151,0.0519711458407455,0.976,0.0285131548587665,0.00,short
pinterest-attic_pinlater,SUCCESS,SUCCESS,17,8,0,3,2.25133333333333,0.0282193786843958,0.621,0.03104834939252,0.00,short
pinterest_secor,SUCCESS,SUCCESS,90,23,0,3,10.3996666666667,0.177071548627478,4.62833333333333,0.0975106831754001,0.00,short
pires_obd-java-api,SUCCESS,SUCCESS,65,1,0,3,2.24666666666667,0.021733231083604,0.151333333333333,0.00251661147842359,0.00,short
playn_playn,SUCCESS,SUCCESS,127,12,0,3,3.717,0.0677569184659397,0.269333333333333,0.00404145188432738,0.00,short
pmwmedia_tinylog,SUCCESS,FAILURE,32,5,1,3,4.247,0.102805641868528,1.18033333333333,0.0893998508574446,3.12,short
prestodb_presto,SUCCESS,FAILURE,131,2,0,3,257.333333333333,2.08166599946613,2.15033333333333,0.0515008090551336,0.00,short
prometheus_jmx_exporter,SUCCESS,SUCCESS,38,3,0,3,3.05833333333333,0.0618896868091392,0.580333333333333,0.0090184995056458,0.00,short
protegeproject_webprotege,SUCCESS,SUCCESS,1759,227,0,3,6.78933333333333,0.0289885034683293,2.09333333333333,0.00152752523165246,0.00,short
protostuff_protostuff,SUCCESS,SUCCESS,1400,166,0,3,33.363,0.109119200876839,6.62,0.0913290753265363,0.00,short
qos-ch_logback-extensions,SUCCESS,SUCCESS,3,2,0,3,7.78433333333333,0.02250185177565,6.13333333333333,0.00416333199893231,0.00,short
querydsl_querydsl,SUCCESS,FAILURE,4943,531,5,3,93.3333333333333,0.577350269189626,50.4133333333333,0.810675232959117,0.10,short
rackerlabs_blueflood,SUCCESS,FAILURE,734,84,2,3,42.414,0.24804636663334,36.6473333333333,0.321531232282862,0.27,short
rajithd_spring-boot-oauth2,SUCCESS,SUCCESS,1,1,0,3,6.39633333333333,0.116091917605548,0.00366666666666667,0.000577350269189626,0.00,short
ralfstx_minimal-json,SUCCESS,SUCCESS,532,16,0,3,4.35933333333333,0.0230289672658879,0.998,0.0310966236109324,0.00,short
raml-org_raml-java-parser,SUCCESS,SUCCESS,465,18,0,3,10.414,0.194584172018178,7.11266666666667,0.100669426010747,0.00,short
ramswaroop_jbot,SUCCESS,SUCCESS,1,1,0,3,1.44833333333333,0.0202072594216369,0.000666666666666667,0.000577350269189626,0.00,short
raphw_byte-buddy,FAILURE,FAILURE,7666,588,0,3,42.315,0.105014284742597,17.5693333333333,0.149004474205737,0.00,short
rcongiu_Hive-JSON-Serde,SUCCESS,SUCCESS,33,10,0,3,2.98933333333333,0.0538175931581238,0.346,0.0151327459504215,0.00,short
recommenders_rival,SUCCESS,SUCCESS,35,11,0,3,30.0846666666667,0.439464826047925,0.163,0.00360555127546398,0.00,short
redpen-cc_redpen,SUCCESS,SUCCESS,723,104,0,3,55.6943333333333,0.0563589685261648,49.0116666666667,0.077655220901977,0.00,short
reficio_p2-maven-plugin,SUCCESS,SUCCESS,32,7,0,3,9.38066666666667,0.0937781068977906,1.27333333333333,0.00802080627701054,0.00,short
resteasy_Resteasy,SUCCESS,FAILURE,400,131,0,3,116,0,83.477,0.258580741742289,0.00,medium
restx_restx,SUCCESS,?,316,77,4,3,0,0,44.9393333333333,2.90976293421532,1.27,short
richardwilly98_elasticsearch-river-mongodb,SUCCESS,FAILURE,194,1,1,3,23.5073333333333,2.01796935886879,18.5973333333333,2.63161743673607,0.52,short
rnewson_couchdb-lucene,SUCCESS,SUCCESS,65,12,0,3,3.367,0.107,1.96533333333333,0.102256214155098,0.00,short
RoaringBitmap_RoaringBitmap,SUCCESS,SUCCESS,1163,43,0,3,455.333333333333,16.1658075373095,413.259333333333,15.9783903548929,0.00,long
robinhowlett_chart-parser,SUCCESS,FAILURE,125,37,25,3,4.279,0.067977937597429,2.43566666666667,0.00723417813807021,20.00,short
romix_java-concurrent-hash-trie-map,SUCCESS,SUCCESS,21,17,0,3,6.76066666666667,0.317162944451796,4.838,0.272550912675045,0.00,short
rstoyanchev_spring-websocket-portfolio,SUCCESS,FAILURE,5,3,3,3,22.044,0.163771181836121,15.2213333333333,0.0227229692895381,60.00,short
RUB-NDS_WS-Attacker,SUCCESS,SUCCESS,495,107,0,3,63.6666666666667,0.577350269189626,54.6526666666667,0.325271168924226,0.00,short
rythmengine_rythmengine,SUCCESS,SUCCESS,253,46,0,3,37.1216666666667,0.0847899365097844,34.8123333333333,0.0600694043031395,0.00,short
saikrishna321_AppiumTestDistribution,SUCCESS,FAILURE,24,1,10,3,3.49333333333333,0.0450924975282289,0.902666666666667,0.00709459888459759,41.67,short
sakaiproject_sakai,SUCCESS,SUCCESS,1392,223,0,3,356,1,260.549333333333,0.810210672191662,0.00,medium
SAMLRaider_SAMLRaider,SUCCESS,SUCCESS,115,8,0,3,17.9346666666667,2.75728876495251,16.1753333333333,2.78634551578467,0.00,short
schema-repo_schema-repo,SUCCESS,SUCCESS,81,18,0,3,25.8206666666667,0.25492417173217,19.6043333333333,0.0575702469452159,0.00,short
ScienJus_spring-authorization-manager,SUCCESS,FAILURE,5,1,5,3,6.36533333333333,0.0170391705588425,0.0223333333333333,0.000577350269189626,100.00,short
scobal_seyren,SUCCESS,SUCCESS,106,17,0,3,6.167,0.725746512220349,3.43666666666667,0.659854782003839,0.00,short
sczyh30_vertx-blueprint-microservice,SUCCESS,SUCCESS,2,2,0,3,5.86766666666667,0.27376327973878,3.581,0.211586861595894,0.00,short
seleniumkit_gridrouter,SUCCESS,SUCCESS,74,22,0,3,42.4926666666667,0.206497780456193,37.0963333333333,0.220568205626591,0.00,short
sendgrid_sendgrid-java,SUCCESS,FAILURE,242,3,231,3,4.27733333333333,0.0267270150472013,1.455,0.0124899959967969,95.45,short
ServiceComb_ServiceComb-Java-Chassis,SUCCESS,SUCCESS,919,274,0,3,61,1,40.768,1.55906157671851,0.00,short
shopizer-ecommerce_shopizer,SUCCESS,SUCCESS,15,15,0,3,2.99633333333333,0.0545924292675581,0,0,0.00,short
shyiko_mysql-binlog-connector-java,SUCCESS,SUCCESS,27,1,0,3,2.765,0.0451331363855871,1.50766666666667,0.00550757054728605,0.00,short
siom79_japicmp,FAILURE,FAILURE,245,30,0,3,8.89966666666667,0.0382143079661707,4.47633333333333,0.0570116947067299,0.00,short
sirensolutions_siren-join,SUCCESS,SUCCESS,55,16,0,3,24.7093333333333,0.771693160092361,21.2996666666667,0.750653271046849,0.00,short
sismics_reader,SUCCESS,FAILURE,71,15,3,3,11.34,0.614500610251935,7.90166666666667,0.602748150833608,4.23,short
SmartBear_soapui,SUCCESS,FAILURE,672,125,51,3,64.1753333333333,48.3510003240195,56.3436666666667,48.7661300118569,7.59,short
smooks_smooks,SUCCESS,SUCCESS,1139,289,0,3,225,2,143.184,1.5359388008642,0.00,medium
snazy_ohc,SUCCESS,SUCCESS,146,1,0,3,195.666666666667,1.52752523165195,25.7623333333333,0.549682029298152,0.00,short
soabase_exhibitor,SUCCESS,SUCCESS,52,1,0,3,43.3023333333333,1.12558666184942,40.0556666666667,1.19171906644701,0.00,short
SoftInstigate_restheart,SUCCESS,SUCCESS,41,10,0,3,35.5123333333333,0.0644541180479056,31.3693333333333,0.0265015722804001,0.00,short
SomMeri_less4j,FAILURE,SUCCESS,639,35,0,3,10.737,0.0874299719775782,4.724,0.0995339138183563,0.00,short
SonarSource_sonar-java,FAILURE,FAILURE,1783,602,0,3,89,2.64575131106459,80.9410000000001,2.6363010070931,0.00,medium
SonarSource_sonar-javascript,SUCCESS,SUCCESS,1077,409,0,3,13.9813333333333,0.0581578312296229,7.24266666666666,0.369169789302068,0.00,short
soundcloud_java-api-wrapper,SUCCESS,FAILURE,139,9,6,3,87.6666666666667,15.1767365837763,90.6243333333333,15.6463635498263,4.32,medium
speedment_speedment,FAILURE,FAILURE,397,61,0,3,38.1006666666667,0.802323085379781,19.8436666666667,0.761578842493237,0.00,short
spinscale_elasticsearch-opennlp-plugin,SUCCESS,FAILURE,6,3,5,3,63,0,62.2763333333333,0.0770216419802485,83.33,medium
spotify_apollo,SUCCESS,SUCCESS,476,76,0,3,36.055,0.206487287744305,23.9786666666667,0.13966149552877,0.00,short
spotify_cassandra-reaper,SUCCESS,SUCCESS,88,8,0,3,9.14033333333333,0.0376474877426548,0.903333333333333,0.0102632028788938,0.00,short
spotify_docker-client,SUCCESS,FAILURE,403,20,296,3,14.032,0.292948800987476,9.62166666666667,0.320072387645877,73.45,short
spotify_docker-maven-plugin,SUCCESS,SUCCESS,59,8,0,3,14.2766666666667,0.299523510485126,5.341,0.242328289722847,0.00,short
spotify_helios,SUCCESS,FAILURE,458,137,127,3,101.333333333333,3.78593889720018,992.574333333333,38.730079580777,27.73,long
spotify_heroic,FAILURE,FAILURE,435,132,0,3,19.773,0.2961367927158,22.6653333333333,0.204607754822089,0.00,short
spotify_netty-zmtp,SUCCESS,SUCCESS,48,10,0,3,6.96033333333333,0.142759704865671,4.32433333333333,0.166169592083911,0.00,short
spring-cloud-incubator_spring-cloud-kubernetes,SUCCESS,SUCCESS,21,10,0,3,61.6666666666667,0.577350269189626,38.2853333333333,0.184242593700081,0.00,short
spring-cloud-samples_customers-stores,SUCCESS,FAILURE,2,2,1,3,52.2926666666667,0.180577776410424,0.114666666666667,0.00404145188432739,50.00,short
spring-cloud_spring-cloud-aws,SUCCESS,SUCCESS,538,96,0,3,163.666666666667,1.15470053837925,131.935,1.04934312786616,0.00,medium
spring-cloud_spring-cloud-bus,SUCCESS,SUCCESS,45,7,0,3,12.0886666666667,0.343559795862865,6.611,0.128136645812196,0.00,short
spring-cloud_spring-cloud-config,SUCCESS,FAILURE,271,44,11,3,65.6666666666667,0.577350269189626,50.5203333333333,0.601006932849637,4.06,short
spring-cloud_spring-cloud-consul,SUCCESS,FAILURE,95,52,67,3,173,1,41.7866666666667,0.213799750545534,70.53,short
spring-cloud_spring-cloud-function,SUCCESS,SUCCESS,168,38,0,3,164.333333333333,9.81495457622364,85.3216666666667,4.70164293979596,0.00,medium
spring-cloud_spring-cloud-gateway,SUCCESS,SUCCESS,21,2,0,3,11.5123333333333,2.88632193861553,3.17333333333333,2.84732617262816,0.00,short
spring-cloud_spring-cloud-security,SUCCESS,SUCCESS,13,5,0,3,18.904,0.307478454529745,11.3633333333333,0.199923318633254,0.00,short
spring-cloud_spring-cloud-sleuth,SUCCESS,FAILURE,418,106,12,3,340.666666666667,1.52752523165195,62.9253333333333,0.726281166858513,2.87,medium
spring-cloud_spring-cloud-zookeeper,SUCCESS,FAILURE,66,25,1,3,114.666666666667,0.577350269189626,106.524,0.526019961598411,1.52,medium
spring-guides_tut-bookmarks,SUCCESS,SUCCESS,5,2,0,3,19.4593333333333,0.195228925452488,0.904333333333333,0.00750555349946514,0.00,short
spring-io_initializr,SUCCESS,FAILURE,434,45,1,3,27.639,0.0485077313425404,6.262,0.169103518591422,0.23,short
spring-projects_spring-boot,FAILURE,FAILURE,242,25,0,3,36.5466666666667,0.185974012521463,5.15966666666667,0.0500033332222293,0.00,short
spring-projects_spring-data-commons,SUCCESS,SUCCESS,2019,172,0,3,23.2316666666667,0.100380941086111,11.2846666666667,0.0714726054746354,0.00,short
spring-projects_spring-mvc-showcase,SUCCESS,SUCCESS,81,17,0,3,15.191,0.0746257328272221,12.1726666666667,0.0291947483861954,0.00,short
spring-projects_spring-retry,SUCCESS,SUCCESS,242,48,0,3,8.977,0.033955853692699,7.49533333333333,0.090162815691022,0.00,short
spring-projects_spring-security-oauth,SUCCESS,FAILURE,718,116,31,3,22.408,0.174897112611957,12.3263333333333,0.311291396176211,4.32,short
spullara_mustache.java,SUCCESS,SUCCESS,207,37,0,3,726,0,533.676333333333,0.119558911559592,0.00,long
sqshq_PiggyMetrics,SUCCESS,FAILURE,58,23,28,3,64.3333333333333,4.16333199893227,0.728333333333333,0.0820325138791525,48.28,short
stanfordnlp_CoreNLP,SUCCESS,FAILURE,1175,162,2,3,44.9316666666667,0.49987031651553,24.5926666666667,0.482502158889827,0.17,short
stefanbirkner_system-rules,SUCCESS,SUCCESS,231,16,0,3,7.069,0.0941222609163212,1.79833333333333,0.0102143689640296,0.00,short
Steveice10_MCProtocolLib,SUCCESS,SUCCESS,7,3,0,3,4.14233333333333,0.0275922694487667,0.360666666666667,0.0196044212700435,0.00,short
stormpath_stormpath-sdk-java,SUCCESS,FAILURE,622,1,0,3,38.8213333333333,0.508374206007084,7.51466666666667,0.223674614861261,0.00,short
strapdata_elassandra,SUCCESS,FAILURE,2993,534,1,3,785.333333333333,14.2243921955679,625.249333333333,14.4400876151549,0.03,long
Stratio_cassandra-lucene-index,SUCCESS,SUCCESS,1326,75,0,3,16.986,0.124831886952012,9.33166666666667,0.0830321222981399,0.00,short
Stratio_ingestion,SUCCESS,SUCCESS,162,34,0,3,39.4616666666667,0.204492868661313,27.2926666666667,0.164043693366531,0.00,short
stripe_stripe-java,SUCCESS,FAILURE,302,46,4,3,291.333333333333,17.8978583448784,290.164333333333,17.8872596093793,1.32,medium
structr_structr,SUCCESS,FAILURE,229,17,1,3,1190.66666666667,11.9303534454489,961.145666666667,15.0109561765177,0.44,long
Swagger2Markup_spring-swagger2markup-demo,SUCCESS,SUCCESS,2,1,0,3,23.5476666666667,3.99743134191612,0.327333333333333,0.0313421973277773,0.00,short
swagger-api_swagger-core,SUCCESS,SUCCESS,293,4,0,3,31.4643333333333,0.300386972642511,4.54566666666667,0.0577436865235788,0.00,short
swagger-api_swagger-parser,SUCCESS,SUCCESS,66,3,0,3,21.4053333333333,0.268712361705474,1.99333333333333,0.030369941279715,0.00,short
swagger-api_swagger-socket,SUCCESS,SUCCESS,22,5,0,3,33.2683333333333,0.48326631719305,2.07766666666667,0.0370720020140988,0.00,short
szerhusenBC_jwt-spring-security-demo,SUCCESS,SUCCESS,2,2,0,3,11.3146666666667,0.219727861986898,0.266333333333333,0.00808290376865477,0.00,short
tabulapdf_tabula-java,SUCCESS,SUCCESS,186,15,0,3,142,2.64575131106459,140.655333333333,2.43187917737157,0.00,medium
takari_polyglot-maven,SUCCESS,SUCCESS,157,29,0,3,31.9986666666667,0.349102181794005,18.328,0.0105356537528496,0.00,short
talios_clojure-maven-plugin,SUCCESS,SUCCESS,3,2,0,3,4.497,0.0417971290880128,0.217666666666667,0.00907377172587746,0.00,short
tamingtext_book,SUCCESS,FAILURE,22,22,18,3,73,0,55.6853333333333,0.0306648550189552,81.82,short
tatsuhiro-t_argparse4j,SUCCESS,SUCCESS,157,25,0,3,3.11733333333333,0.047258156262526,0.424,0.0180831413200251,0.00,short
tdunning_t-digest,SUCCESS,FAILURE,121,15,1,3,284,1,281.564,0.604359992057759,0.83,medium
teamed_qulice,SUCCESS,SUCCESS,149,16,0,3,34.385,0.580548016963285,27.3,0.830504063807036,0.00,short
Tesco_mewbase,SUCCESS,SUCCESS,227,16,0,3,30.745,0.166303938618421,24.002,0.0947259204230805,0.00,short
thelinmichael_spotify-web-api-java,SUCCESS,SUCCESS,115,31,0,3,2.30666666666667,0.00568624070307738,0.788,0.00754983443527076,0.00,short
threerings_getdown,SUCCESS,SUCCESS,20,7,0,3,1.84666666666667,0.0205020324195758,0.21,0.004,0.00,short
ThreeTen_threetenbp,SUCCESS,SUCCESS,17779,1,0,3,9.473,0.142727012159577,4.33866666666667,0.0587310253046323,0.00,short
ThreeTen_threeten-extra,SUCCESS,SUCCESS,10605,1,0,3,8.62633333333333,0.16517061885618,2.50833333333333,0.128997415994792,0.00,short
thymeleaf_thymeleafexamples-petclinic,SUCCESS,SUCCESS,31,4,0,3,6.25833333333333,1.06830769600024,3.035,0.0969484399049312,0.00,short
timmolter_Sundial,SUCCESS,FAILURE,8,5,1,3,2.26666666666667,0.036115555282085,0.217,0.00888819441731559,12.50,short
timmolter_XChange,SUCCESS,SUCCESS,599,247,0,3,103,21.6564078277077,82.4633333333334,21.9745383872639,0.00,medium
timmolter_XChart,SUCCESS,SUCCESS,2,1,0,3,2.733,0.053113086899558,0.0146666666666667,0.000577350269189625,0.00,short
tobiasflohre_movie-database,SUCCESS,SUCCESS,3,2,0,3,2.70133333333333,0.074056284900968,0.557666666666667,0.0420277685980749,0.00,short
tomighty_tomighty,SUCCESS,SUCCESS,62,17,0,3,6.29433333333333,0.0900684924562044,4.51333333333333,0.0300887575903921,0.00,short
tomoya92_pybbs,SUCCESS,FAILURE,1,1,1,3,5.71033333333333,0.159725806723063,0.017,0.000999999999999999,100.00,short
torquebox_jruby-maven-plugins,FAILURE,FAILURE,13,2,0,3,14.9323333333333,0.102001633973841,5.24833333333333,0.103558357139023,0.00,short
trautonen_coveralls-maven-plugin,SUCCESS,SUCCESS,196,41,0,3,7.09666666666667,0.33241139170211,2.10333333333333,0.236983825045789,0.00,short
trystan_AsciiPanel,SUCCESS,SUCCESS,28,1,0,3,2.513,0.0610982814815604,0.505666666666667,0.0266333124739176,0.00,short
ttrelle_spring-data-examples,SUCCESS,FAILURE,34,10,21,3,675.666666666667,0.577350269189626,184.462,0.299210628153495,61.76,medium
tuenti_SmsRadar,FAILURE,FAILURE,16,4,0,3,3.78233333333333,0.027646579052992,1.71333333333333,0.0255016339345802,0.00,short
tulskiy_jkeymaster,SUCCESS,SUCCESS,1,1,0,3,1.45166666666667,0.0308922859842605,0.00633333333333333,0.000577350269189626,0.00,short
tumblr_jumblr,SUCCESS,SUCCESS,103,15,0,3,1.53633333333333,0.00321455025366434,0.329666666666667,0.0205993527406405,0.00,short
twilio_twilio-java,SUCCESS,SUCCESS,930,160,0,3,169.666666666667,2.3094010767585,160.365666666667,2.69721195558179,0.00,medium
twitter_ambrose,SUCCESS,SUCCESS,18,10,0,3,6.52,0.0665507325278993,2.43033333333333,0.0590282418282411,0.00,short
twitter_GraphJet,SUCCESS,SUCCESS,105,39,0,3,115.333333333333,3.21455025366432,92.812,3.23110275293127,0.00,medium
twitter_hbc,SUCCESS,SUCCESS,111,16,0,3,2.644,0.0808517161227885,1.03433333333333,0.0378461799040977,0.00,short
twitter_hraven,SUCCESS,SUCCESS,136,41,0,3,231.666666666667,0.577350269189626,212.452333333333,0.344479801052794,0.00,medium
ua-parser_uap-java,SUCCESS,FAILURE,35,5,26,3,1.25166666666667,0.0234378611083292,0.0786666666666667,0.0030550504633039,74.29,short
uber_chaperone,SUCCESS,FAILURE,26,14,2,3,1784.66666666667,1.15470053837925,1759.27966666667,0.0685006082697777,7.69,long
UglyTroLL_Douban-Java-SDK-OAuth2,SUCCESS,FAILURE,72,8,52,3,37.4033333333333,4.82232768829881,36.3063333333333,4.85554428806219,72.22,short
urbanairship_datacube,SUCCESS,SUCCESS,36,19,0,3,504.666666666667,5.03322295684717,409.733333333333,3.22810739185265,0.00,long
USCDataScience_sparkler,SUCCESS,SUCCESS,9,3,0,3,40.414,0.675833559391661,30.528,0.63269502922024,0.00,short
usc-isi-i2_Web-Karma,SUCCESS,SUCCESS,43,17,0,3,37.385,1.9869229980047,27.149,2.135600383967,0.00,short
vaadin_framework,FAILURE,FAILURE,3308,484,0,3,208,2,43.2536666666667,3.29399913985012,0.00,short
vaadin_spring,SUCCESS,SUCCESS,56,14,0,3,15.4163333333333,0.388372673257701,1.18766666666667,0.0281128677536345,0.00,short
vavr-io_vavr,SUCCESS,SUCCESS,15072,139,0,3,135,1.73205080756888,439.966333333333,31.3332115228129,0.00,long
vbauer_caesar,SUCCESS,SUCCESS,53,12,0,3,4.04766666666667,0.045654499595695,1.37233333333333,0.0258907963055085,0.00,short
vbauer_jackdaw,SUCCESS,SUCCESS,29,12,0,3,7.16,0.0972471079261488,0.096,0.00700000000000001,0.00,short
vdurmont_emoji-java,SUCCESS,SUCCESS,58,3,0,3,1.26533333333333,0.0213853532431273,0.144333333333333,0.00208166599946613,0.00,short
veraPDF_veraPDF-library,SUCCESS,SUCCESS,257,29,0,3,7.66433333333333,0.0328684245642128,2.04033333333333,0.0195021366350799,0.00,short
vert-x3_vertx-examples,SUCCESS,SUCCESS,9,5,0,3,9.70933333333333,0.119938873320259,1.176,0.0459020696701139,0.00,short
viritin_viritin,SUCCESS,SUCCESS,47,21,0,3,11.3016666666667,0.0664554988946236,1.85,0.212985915027262,0.00,short
vitalidze_chromecast-java-api-v2,SUCCESS,SUCCESS,21,6,0,3,5.98466666666667,0.091418451820917,1.924,0.0320780298646909,0.00,short
vladimir-bukhtoyarov_bucket4j,SUCCESS,SUCCESS,110,10,0,3,176.666666666667,0.577350269189626,173.815,0.509415351162486,0.00,medium
vladmihalcea_high-performance-java-persistence,SUCCESS,?,40,7,40,3,0,0,96.579,0.0345976877840112,100.00,medium
vonzhou_SpringInAction3,SUCCESS,FAILURE,8,4,6,3,7.18233333333333,0.119223879039953,1.301,0.0127671453348037,75.00,short
walkmod_walkmod-core,SUCCESS,SUCCESS,141,10,0,3,141,138.56406460551,139.991,138.697451205853,0.00,medium
weld_core,FAILURE,FAILURE,1349,601,0,3,67,0,33.724,0.0665056388586727,0.00,short
wildfly_quickstart,FAILURE,FAILURE,85,18,0,3,36.4443333333333,0.358025604298539,18.5926666666667,0.0996811583667324,0.00,short
wildfly-swarm-archive_ARCHIVE-wildfly-swarm,FAILURE,FAILURE,152,100,85,3,140,2.64575131106459,81.977,2.82637948619783,55.92,medium
wildfly-swarm_wildfly-swarm,SUCCESS,FAILURE,356,169,13,3,2157,75.3458691634784,126.452666666667,2.57640181907504,3.65,medium
wildfly_wildfly,FAILURE,FAILURE,989,199,0,3,278.333333333333,2.08166599946613,190.517,0.910580034922829,0.00,medium
winder_Universal-G-Code-Sender,SUCCESS,SUCCESS,143,19,0,3,21.6856666666667,0.144583309317962,12.255,0.0165227116418583,0.00,short
windy1_google-places-api-java,SUCCESS,FAILURE,1,1,1,3,1.776,0.00781024967590669,0.313,0.013076696830622,100.00,short
winterbe_github-matrix,SUCCESS,FAILURE,2,2,2,3,4.21966666666667,0.179900898645152,2.75866666666667,0.218852309408271,100.00,short
wks_ik-analyzer,SUCCESS,FAILURE,4,3,1,3,2.035,0.0249799919935936,0.222,0.011,25.00,short
woorea_openstack-java-sdk,SUCCESS,SUCCESS,12,3,0,3,2.50233333333333,0.0755932095715834,0.322666666666667,0.0030550504633039,0.00,short
wso2_msf4j,SUCCESS,SUCCESS,264,3,0,3,181,4.35889894354067,39.674,0.22363139314506,0.00,short
xiaolongzuo_niubi-job,SUCCESS,FAILURE,45,13,3,3,4.841,0.0338673884437522,0.781,0.0453100430368367,6.67,short
XiaoMi_linden,SUCCESS,SUCCESS,118,26,0,3,31.2426666666667,0.49643764294555,16.9013333333333,0.249608359902738,0.00,short
xmlunit_xmlunit,SUCCESS,FAILURE,400,30,74,3,3.906,0.0402864741569675,1.58866666666667,0.0329292170167062,18.50,short
yago-naga_aida,SUCCESS,SUCCESS,49,27,0,3,56.9683333333333,0.246287095344709,47.1166666666667,0.259095220591441,0.00,short
YahooArchive_samoa,SUCCESS,SUCCESS,44,10,0,3,46.6143333333333,0.325859376623312,42.153,0.296352830254754,0.00,short
yahoo_egads,SUCCESS,SUCCESS,21,1,0,3,6.83166666666667,0.0410528115155751,3.209,0.0667008245826091,0.00,short
yahoo_mysql_perf_analyzer,SUCCESS,SUCCESS,1,1,0,3,4.57133333333333,0.127020995639829,0.003,0,0.00,short
yahoo_samoa,SUCCESS,SUCCESS,44,10,0,3,47.1693333333333,0.421139327697297,42.672,0.490890008046612,0.00,short
yahoo_storm-yarn,SUCCESS,FAILURE,3,3,1,3,32.807,0.297368458313923,27.858,0.134309344425471,33.33,short
yasserg_crawler4j,SUCCESS,SUCCESS,18,13,0,3,34.94,0.0997396611183335,28.2946666666667,0.0398036849215402,0.00,short
yegor256_cactoos,SUCCESS,SUCCESS,304,110,0,3,6.566,0.0219317121994614,8.42266666666667,0.442254828501995,0.00,short
yegor256_eo,SUCCESS,SUCCESS,33,20,0,3,5.05833333333333,0.109427297021051,1.21533333333333,0.0440037877157562,0.00,short
yegor256_rultor,SUCCESS,SUCCESS,142,66,0,3,16.6403333333333,0.115768447054166,138.464,0.366370031525482,0.00,medium
yegor256_takes,SUCCESS,SUCCESS,419,148,0,3,11.4243333333333,0.302022074248445,63.4446666666667,2.56189116344416,0.00,medium
yegor256_xembly,SUCCESS,SUCCESS,59,16,0,3,5.57,0.0156204993518136,9.836,0.222573583338185,0.00,short
ysc_HtmlExtractor,SUCCESS,SUCCESS,3,3,1,3,13.4663333333333,0.365929410314795,10.5586666666667,0.505348724479772,33.33,short
ysc_word,SUCCESS,SUCCESS,43,13,0,3,31.2886666666667,0.83543062748102,27.3586666666667,0.757998900614853,0.00,short
zalando_bigbash,SUCCESS,SUCCESS,16,9,0,3,4.20866666666667,0.0661236215987401,0.399666666666667,0.0107857931249089,0.00,short
zalando_zalenium,SUCCESS,FAILURE,55,7,2,3,24.611,0.892482492825489,22.398,0.893644784016558,3.64,short
zeromq_jeromq,SUCCESS,SUCCESS,91,45,0,3,33.587,0.144696233537709,29.5453333333333,0.0620832774048963,0.00,short
zeromq_jzmq,SUCCESS,FAILURE,40,1,33,3,3.297,0.031224989991992,0.603,0.0137477270848675,82.50,short
zhangxd1989_spring-boot-cloud,SUCCESS,FAILURE,4,2,1,3,22.3313333333333,0.542919269627938,3.39966666666667,0.0794313120459013,25.00,short
zouzg_mybatis-generator-gui,SUCCESS,SUCCESS,9,2,0,3,1.45066666666667,0.010598742063723,0.272,0.0113578166916006,0.00,short
